,Date,Open,High,Low,Close,Adj Close,Volume
0,2012-09-04,95.108574,96.44857,94.928574,96.424286,87.12114,91973000.0
1,2012-09-05,96.510002,96.621429,95.657143,95.747147,86.509338,84093800.0
2,2012-09-06,96.167145,96.898575,95.828575,96.610001,87.288956,97799100.0
3,2012-09-07,96.864288,97.497147,96.538574,97.205711,87.82717099999998,82416600.0
4,2012-09-10,97.207146,97.612854,94.585716,94.677139,85.542564,121999500.0
5,2012-09-11,95.015717,95.728569,93.785713,94.370003,85.265068,125995800.0
6,2012-09-12,95.264282,95.699997,93.714287,95.684288,86.452538,178058300.0
7,2012-09-13,96.767143,97.928574,96.395714,97.568573,88.155037,149590000.0
8,2012-09-14,98.565712,99.568573,98.269997,98.754288,89.226341,150118500.0
9,2012-09-17,99.907143,99.971428,99.230003,99.968575,90.323479,99507800.0
10,2012-09-18,99.982857,100.332855,99.488571,100.272858,90.598404,93375800.0
11,2012-09-19,100.03714,100.57,99.938568,100.300003,90.622932,81718700.0
12,2012-09-20,99.879997,100.008568,99.08857,99.814285,90.18409,84142100.0
13,2012-09-21,100.344284,100.724289,99.908569,100.012856,90.363457,142897300.0
14,2012-09-24,98.122856,99.302856,97.571426,98.684288,89.163078,159941600.0
15,2012-09-25,98.322861,98.968575,96.14286,96.220001,86.936554,129697400.0
16,2012-09-26,95.534286,96.098572,94.457146,95.025711,85.857506,144125800.0
17,2012-09-27,94.898575,97.452858,94.335716,97.331429,87.94075,148522500.0
18,2012-09-28,96.964287,97.30143,95.25,95.300003,86.105347,133777700.0
19,2012-10-01,95.879997,96.678574,93.785713,94.19857,85.110161,135898700.0
20,2012-10-02,94.544289,95.192856,92.949997,94.472855,85.358002,156998100.0
21,2012-10-03,94.980003,95.980003,94.66143,95.921425,86.66681700000002,106070300.0
22,2012-10-04,95.89286,96.321426,95.078575,95.257141,86.066612,92681400.0
23,2012-10-05,95.028572,95.14286,93.040001,93.227142,84.23246,148501500.0
24,2012-10-08,92.41143,92.508568,90.872856,91.167145,82.371223,159498500.0
25,2012-10-09,91.235718,91.498573,89.078575,90.835716,82.071747,209649300.0
26,2012-10-10,91.391426,92.139999,91.0,91.558571,82.724876,127589000.0
27,2012-10-11,92.35714,92.457146,89.728569,89.728569,81.071426,136520300.0
28,2012-10-12,89.937141,90.76857,89.328575,89.958572,81.27924300000002,115003700.0
29,2012-10-15,90.335716,90.732857,89.121429,90.68,81.931084,108125500.0
30,2012-10-16,90.767143,92.900002,90.14286,92.827141,83.87105600000002,137442900.0
31,2012-10-17,92.695717,93.255714,92.0,92.087143,83.202446,97259400.0
32,2012-10-18,91.370003,91.722855,90.0,90.377144,81.657455,119156100.0
33,2012-10-19,90.150002,90.252853,87.08856999999998,87.120003,78.714554,186021500.0
34,2012-10-22,87.488571,90.76857,87.251427,90.575714,81.836838,136682700.0
35,2012-10-23,90.14286,90.557144,87.385712,87.622856,79.168869,176786400.0
36,2012-10-24,88.77714499999998,89.507141,87.23428299999998,88.11856800000002,79.616783,139631800.0
37,2012-10-25,88.571426,88.85714,86.507141,87.077141,78.675812,164081400.0
38,2012-10-26,87.061432,87.714287,84.428574,86.285713,77.960747,254608200.0
39,2012-10-31,84.982857,85.994286,83.957146,85.045715,76.840401,127500800.0
40,2012-11-01,85.459999,86.14286,84.88143199999998,85.220001,76.997864,90324500.0
41,2012-11-02,85.127144,85.278572,82.10714,82.400002,74.449928,149843400.0
42,2012-11-05,83.360001,83.96714,82.514282,83.517143,75.45929,132283900.0
43,2012-11-06,84.318573,84.391426,82.870003,83.264282,75.230835,93729300.0
44,2012-11-07,81.977142,82.077141,79.39286,79.714287,72.35231,198412200.0
45,2012-11-08,80.089996,80.318573,76.470001,76.821426,69.726601,264036500.0
46,2012-11-09,77.20285799999998,79.26857,76.245712,78.15142800000002,70.933784,232478400.0
47,2012-11-12,79.164284,79.214287,76.949997,77.54714200000002,70.385323,128950500.0
48,2012-11-13,76.987144,78.639999,76.622856,77.557144,70.39439399999998,133237300.0
49,2012-11-14,77.928574,78.207146,76.597145,76.697144,69.613815,119292600.0
50,2012-11-15,76.790001,77.071426,74.660004,75.08856999999998,68.153778,197477700.0
51,2012-11-16,75.028572,75.714287,72.25,75.382858,68.420891,316723400.0
52,2012-11-19,77.244286,81.071426,77.12571700000002,80.818573,73.354591,205829400.0
53,2012-11-20,81.701431,81.707146,79.225716,80.129997,72.729614,160688500.0
54,2012-11-21,80.60714,81.052856,79.514282,80.242859,72.83206899999998,93250500.0
55,2012-11-23,81.024284,81.714287,80.371429,81.64286,74.10276,68206600.0
56,2012-11-26,82.271431,84.285713,81.958572,84.218575,76.440598,157644900.0
57,2012-11-27,84.221428,84.345711,82.871429,83.540001,75.82470699999998,133332500.0
58,2012-11-28,82.46714,83.685715,81.751427,83.27714499999998,75.58612099999998,130216100.0
59,2012-11-29,84.317146,84.89286,83.60714,84.194283,76.41855600000002,128674700.0
60,2012-11-30,83.827141,84.057144,83.239998,83.611427,75.889534,97829900.0
61,2012-12-03,84.807144,84.941429,83.64286,83.74143199999997,76.00752299999998,91070000.0
62,2012-12-04,83.114288,83.114288,81.732857,82.264282,74.666801,139267100.0
63,2012-12-05,81.272858,81.321426,76.96714,76.970001,69.861458,261159500.0
64,2012-12-06,75.562859,79.044289,74.089996,78.177139,70.957123,294303100.0
65,2012-12-07,79.057144,79.314285,75.714287,76.178574,69.143127,196760200.0
66,2012-12-10,75.0,76.93,74.511429,75.688568,68.69838,157621100.0
67,2012-12-11,77.110001,78.50856800000003,76.767143,77.341431,70.198608,148086400.0
68,2012-12-12,78.252853,78.285713,76.610001,77.0,69.88871,121786000.0
69,2012-12-13,75.878571,76.805717,75.114288,75.66999799999998,68.681526,156314900.0
70,2012-12-14,73.535713,74.01857,72.225716,72.827141,66.10123399999999,252394800.0
71,2012-12-17,72.704285,74.285713,71.604286,74.11856800000002,67.27336899999999,189401800.0
72,2012-12-18,75.0,76.414284,74.321426,76.271431,69.227417,156421300.0
73,2012-12-19,75.924286,76.242859,75.071426,75.187141,68.243271,112342300.0
74,2012-12-20,75.714287,75.742859,74.12571700000002,74.53286,67.649422,120422400.0
75,2012-12-21,73.209999,74.238571,72.891426,74.190002,67.338219,149067100.0
76,2012-12-24,74.335716,74.89286,74.101425,74.309998,67.447121,43938300.0
77,2012-12-26,74.14286,74.208572,73.017143,73.285713,66.517448,75609100.0
78,2012-12-27,73.362854,73.75,72.094284,73.58000200000002,66.784554,113780100.0
79,2012-12-28,72.898575,73.497147,72.58856999999998,72.798569,66.07527900000001,88569600.0
80,2012-12-31,72.932854,76.485718,72.714287,76.024284,69.00308199999999,164873100.0
81,2013-01-02,79.117142,79.285713,77.37571700000002,78.432854,71.189217,140129500.0
82,2013-01-03,78.26857,78.524284,77.285713,77.442856,70.290649,88241300.0
83,2013-01-04,76.709999,76.947144,75.11856800000002,75.285713,68.332726,148583400.0
84,2013-01-07,74.571426,75.614288,73.599998,74.842857,67.930763,121039100.0
85,2013-01-08,75.601425,75.98428299999998,74.464287,75.044289,68.11359399999999,114676800.0
86,2013-01-09,74.64286,75.001427,73.71285999999998,73.871429,67.049049,101901100.0
87,2013-01-10,75.507141,75.531425,73.645714,74.78714000000002,67.880211,150286500.0
88,2013-01-11,74.428574,75.045715,74.145714,74.328575,67.463989,87626700.0
89,2013-01-14,71.811432,72.5,71.215714,71.678574,65.05873100000001,183551900.0
90,2013-01-15,71.185715,71.284286,69.054283,69.41714499999999,63.006161,219193100.0
91,2013-01-16,70.66285699999997,72.77714499999998,70.35714,72.298569,65.621475,172701200.0
92,2013-01-17,72.90142800000002,72.964287,71.718575,71.811432,65.17930600000001,113419600.0
93,2013-01-18,71.21714,71.745712,70.914284,71.428574,64.831818,118230700.0
94,2013-01-22,72.08000200000002,72.554283,70.947144,72.110001,65.45030200000001,115386600.0
95,2013-01-23,72.687141,73.57,72.110001,73.43,66.64840699999999,215377400.0
96,2013-01-24,65.714287,66.53286,64.321426,64.35714,58.413467,365213100.0
97,2013-01-25,64.52714499999999,65.175713,62.14285699999999,62.84,57.036427,302006600.0
98,2013-01-28,62.547142,64.744286,62.265713,64.261429,58.326584,196379400.0
99,2013-01-29,65.5,65.742859,64.58856999999999,65.46714,59.42094399999999,142789500.0
100,2013-01-30,65.285713,66.085716,64.928574,65.261429,59.234215,104288800.0
101,2013-01-31,65.28286,65.611427,64.997147,65.07,59.06048199999999,79833600.0
102,2013-02-01,65.58714300000001,65.639999,64.050003,64.802856,58.818024,134871100.0
103,2013-02-04,64.844284,65.13428499999999,63.14285699999999,63.188572,57.35281,119279300.0
104,2013-02-05,63.435715,65.677139,63.174286,65.405716,59.365196,143336900.0
105,2013-02-06,65.209999,66.64286,64.654289,65.335716,59.301662,148426600.0
106,2013-02-07,66.178574,67.14286,64.87428299999999,66.888573,61.064934,176145200.0
107,2013-02-08,67.714287,68.40142800000001,66.89286,67.854286,61.946575,158289600.0
108,2013-02-11,68.071426,69.27714499999999,67.60714,68.561432,62.592148,129372600.0
109,2013-02-12,68.501427,68.91143000000001,66.82,66.842857,61.023197,152263300.0
110,2013-02-13,66.744286,67.66285699999999,66.174286,66.715714,60.90711999999999,118801900.0
111,2013-02-14,66.360001,67.377144,66.288574,66.655716,60.85234499999999,88818800.0
112,2013-02-15,66.978569,67.165718,65.70285799999999,65.737144,60.013752,97936300.0
113,2013-02-19,65.871429,66.104286,64.835716,65.71285999999999,59.99158900000001,108945900.0
114,2013-02-20,65.38428499999999,65.38428499999999,64.114288,64.121429,58.53870799999999,119075600.0
115,2013-02-21,63.714287,64.16714499999999,63.259998,63.722858,58.17483100000001,111795600.0
116,2013-02-22,64.178574,64.514282,63.799999,64.40142800000001,58.794319,82663700.0
117,2013-02-25,64.835716,65.017143,63.224285,63.257141,57.749676,93144800.0
118,2013-02-26,63.402859,64.505714,62.52285799999999,64.138573,58.554363,125374900.0
119,2013-02-27,64.061432,64.63428499999999,62.950001,63.509998,57.980515,146837600.0
120,2013-02-28,63.435715,63.98143,63.057144,63.057144,57.567085,80628800.0
121,2013-03-01,62.57143000000001,62.597141,61.425713,61.495716,56.14160500000001,138112100.0
122,2013-03-04,61.114285,61.171429,59.85714300000001,60.007141,54.78262700000001,145688900.0
123,2013-03-05,60.21143000000001,62.169998,60.10714300000001,61.591427,56.228977,159608400.0
124,2013-03-06,62.07285699999999,62.17856999999999,60.632858,60.80857099999999,55.514275,115062500.0
125,2013-03-07,60.64285699999999,61.715714,60.151428,61.51142900000001,56.155945,117118400.0
126,2013-03-08,61.400002,62.204285,61.23,61.674286,56.304623,97870500.0
127,2013-03-11,61.39285699999999,62.715714,60.734287,62.55285600000001,57.106697,118559000.0
128,2013-03-12,62.228573,62.697144,61.08142900000001,61.204285,55.875538,116477900.0
129,2013-03-13,61.20714200000001,62.07143000000001,60.765713,61.192856000000006,55.86510500000001,101387300.0
130,2013-03-14,61.832859,62.091427,61.492859,61.785713,56.406349,75968900.0
131,2013-03-15,62.561428,63.46143000000001,62.464287,63.380001,57.861835,160990200.0
132,2013-03-18,63.064285,65.351425,63.028572,65.102859,59.43469200000001,151549300.0
133,2013-03-19,65.64286,65.852859,64.071426,64.927139,59.274273,131693800.0
134,2013-03-20,65.345711,65.37571700000001,64.227142,64.58285500000001,58.959965,77165200.0
135,2013-03-21,64.317146,65.425713,64.300003,64.675713,59.04473100000001,95813900.0
136,2013-03-22,64.940002,66.014282,64.730003,65.987144,60.24199300000001,98776300.0
137,2013-03-25,66.38428499999999,67.135712,65.968575,66.225716,60.459785,125283900.0
138,2013-03-26,66.49143199999999,66.548569,65.790001,65.877144,60.141571,73573500.0
139,2013-03-27,65.208572,65.257141,64.389999,64.58285500000001,58.959965,82809300.0
140,2013-03-28,64.260002,64.545715,63.08857,63.237144,57.731411,110709900.0
141,2013-04-01,63.128571,63.38571500000001,61.105713,61.27285799999999,55.938145,97433000.0
142,2013-04-02,61.085712,62.591427,60.914288,61.398571,56.05290600000001,132379800.0
143,2013-04-03,61.624287,62.468571,61.472858,61.712856,56.339832,90804000.0
144,2013-04-04,61.965714,62.14285699999999,60.75,61.102856,55.78294,89611900.0
145,2013-04-05,60.64285699999999,60.70714200000001,59.954285,60.45714200000001,55.193451,95923800.0
146,2013-04-08,60.692856000000006,61.07143000000001,60.355713,60.887142,55.586014,75207300.0
147,2013-04-09,60.908573,61.214287,60.39285699999999,60.99714300000001,55.686432,76653500.0
148,2013-04-10,61.15714300000001,62.437141,60.85856999999999,62.241428000000006,56.82238,93982000.0
149,2013-04-11,61.959999,62.57,61.599998,62.047142,56.645012,82091100.0
150,2013-04-12,62.021427,62.021427,61.298573,61.400002,56.054222,59653300.0
151,2013-04-15,61.0,61.127144,59.935715,59.978573,54.75654599999999,79380000.0
152,2013-04-16,60.224285,60.944286,60.08142900000001,60.89143000000001,55.589924,76442800.0
153,2013-04-17,60.03856999999999,60.085712,56.87285600000001,57.542858,52.532906,236264000.0
154,2013-04-18,57.855713,57.970001,55.67714300000001,56.007141,51.130882,166574800.0
155,2013-04-19,55.424286,57.085712,55.014286,55.790001,50.932652,152318600.0
156,2013-04-22,56.091427,57.45714200000001,55.895714,56.952858,51.99427,107480100.0
157,2013-04-23,57.712856,58.34,56.972858,58.01857,52.96719,166059600.0
158,2013-04-24,56.220001,59.32143000000001,56.07143000000001,57.92285500000001,52.87980699999999,242412800.0
159,2013-04-25,58.74714300000001,59.134285,58.14285699999999,58.34,53.260632,96209400.0
160,2013-04-26,58.544285,59.824287,58.32143000000001,59.599998,54.410934,191024400.0
161,2013-04-29,60.064285,61.945713,60.0,61.445713,56.095947,160081600.0
162,2013-04-30,62.15714300000001,63.60714300000001,61.724285,63.254284,57.747059,172884600.0
163,2013-05-01,63.494286,63.561428,62.055714,62.75571400000001,57.29188900000001,126727300.0
164,2013-05-02,63.111427,64.084282,62.947144,63.645714,58.10440799999999,105457100.0
165,2013-05-03,64.47285500000001,64.747147,64.164284,64.28286,58.686077,90325200.0
166,2013-05-06,65.101425,66.028572,64.90142800000001,65.815712,60.085476,124160400.0
167,2013-05-07,66.424286,66.535713,64.814285,65.522858,59.818127,120938300.0
168,2013-05-08,65.577141,66.48143,65.11571500000001,66.262856,60.49369,118149500.0
169,2013-05-09,65.687141,66.14286,65.08285500000001,65.252853,59.96593100000001,99621900.0
170,2013-05-10,65.424286,65.672859,64.354286,64.709999,59.46706,83713000.0
171,2013-05-13,64.501427,65.414284,64.5,64.96285999999999,59.699432,79237200.0
172,2013-05-14,64.835716,65.028572,63.164288,63.408573,58.271084,111779500.0
173,2013-05-15,62.737144,63.0,60.33714300000001,61.264286,56.300522,185403400.0
174,2013-05-16,60.462856,62.549999,59.842857,62.082859,57.05278000000001,150801000.0
175,2013-05-17,62.721428,62.869999,61.57285699999999,61.894287,56.87947800000001,106976100.0
176,2013-05-20,61.701427,63.685715,61.442856000000006,63.27571500000001,58.148987,112894600.0
177,2013-05-21,62.592857,63.639999,62.028572,62.80857099999999,57.719688,114005500.0
178,2013-05-22,63.435715,64.050003,62.602856,63.049999,57.94155500000001,110759600.0
179,2013-05-23,62.278572,63.737144,62.25571400000001,63.162857,58.045265,88255300.0
180,2013-05-24,62.978573,63.665714,62.908573,63.592857,58.440422,69041700.0
181,2013-05-28,64.271431,64.444283,62.978573,63.062859,57.953369,96536300.0
182,2013-05-29,62.85714300000001,63.92856999999999,62.771427,63.564285,58.414173,82644100.0
183,2013-05-30,63.664288,64.928574,63.501427,64.511429,59.284576,88379900.0
184,2013-05-31,64.64286,65.300003,64.214287,64.247147,59.04171,96075700.0
185,2013-06-03,64.389999,64.622856,63.21143000000001,64.388573,59.171677,93088100.0
186,2013-06-04,64.745712,64.918571,63.912857,64.187141,58.986561,73182200.0
187,2013-06-05,63.664288,64.388573,63.387142,63.58714300000001,58.43516500000001,72647400.0
188,2013-06-06,63.638573,63.85714300000001,62.007141,62.637142,57.562145,104233500.0
189,2013-06-07,62.35714300000001,63.32,61.824287,63.115715,58.001949,101133900.0
190,2013-06-10,63.532856,64.154289,62.400002,62.69857,57.618603,112538300.0
191,2013-06-11,62.248573,63.251427,61.902859,62.514286,57.44924200000001,71528100.0
192,2013-06-12,62.785713,63.035713,61.64285699999999,61.741428000000006,56.739006,66306800.0
193,2013-06-13,61.785713,62.44857,61.25,62.279999,57.233936,71458100.0
194,2013-06-14,62.200001,62.327145,61.214287,61.435715,56.458061,67966500.0
195,2013-06-17,61.634285,62.242859,61.48,61.714287,56.714069,64853600.0
196,2013-06-18,61.651428,62.128571,61.458572,61.681427,56.683868,48756400.0
197,2013-06-19,61.628571,61.665714,60.42856999999999,60.42856999999999,55.532516,77735000.0
198,2013-06-20,59.900002,60.854286,59.310001,59.548573,54.72382,89327700.0
199,2013-06-21,59.784286,60.0,58.299999,59.07143000000001,54.285336,120279600.0
200,2013-06-24,58.200001,58.380001,56.864285,57.50571400000001,52.84647800000001,120186500.0
201,2013-06-25,57.95714200000001,58.25571400000001,56.97571600000001,57.51857,52.858284,78540700.0
202,2013-06-26,57.700001,57.827145,56.52285799999999,56.867142,52.259644,91931000.0
203,2013-06-27,57.035713,57.341427,56.220001,56.254284,51.69643,84311500.0
204,2013-06-28,55.908573,57.181427,55.55285600000001,56.647144,52.057472,144629100.0
205,2013-07-01,57.52714200000001,58.895714,57.317142,58.459999,53.72344200000001,97763400.0
206,2013-07-02,58.565716,60.232857,58.495716,59.784286,54.940434,117466300.0
207,2013-07-03,60.12285600000001,60.425713,59.63571500000001,60.114285,55.243694,60232200.0
208,2013-07-05,60.055714,60.470001,59.335712,59.631428,54.79995699999999,68506200.0
209,2013-07-08,60.015713,60.14285699999999,58.664288,59.292858,54.488823,74534600.0
210,2013-07-09,59.085712,60.5,58.625713,60.335712,55.447182,88146100.0
211,2013-07-10,59.942856000000006,60.685715,59.75,60.104286,55.234512,70351400.0
212,2013-07-11,60.421429,61.17856999999999,60.167141,61.041428,56.095722,81573100.0
213,2013-07-12,61.092857,61.398571,60.487144,60.93,55.993324,69890800.0
214,2013-07-15,60.715714,61.637142,60.685715,61.062859,56.115402,60479300.0
215,2013-07-16,60.931427,61.529999,60.59571500000001,61.45714200000001,56.477757,54134500.0
216,2013-07-17,61.38571500000001,61.745716,61.174286,61.472858,56.492199,49747600.0
217,2013-07-18,61.91143,62.124287,61.515713,61.68,56.682552,54719700.0
218,2013-07-19,61.871429000000006,61.99714300000001,60.621429000000006,60.70714200000001,55.788513,67180400.0
219,2013-07-22,61.351429,61.39285699999999,60.781429,60.901428,55.96706800000001,51949100.0
220,2013-07-23,60.85714300000001,60.994286,59.815716,59.855713,55.006069,92348900.0
221,2013-07-24,62.704285,63.512856000000006,62.18,62.93,57.831276,147984200.0
222,2013-07-25,62.95714200000001,63.057144,62.258572,62.64285699999999,57.56739399999999,57373400.0
223,2013-07-26,62.185715,63.00571400000001,62.048573,62.998573,57.894299,50038100.0
224,2013-07-29,62.971428,64.284286,62.88571500000001,63.970001,58.787022,62014400.0
225,2013-07-30,64.279999,65.307144,64.175713,64.760002,59.513016,77355600.0
226,2013-07-31,64.998573,65.334282,64.204285,64.647141,59.409294,80739400.0
227,2013-08-01,65.10714,65.257141,64.751427,65.239998,59.954109,51562700.0
228,2013-08-02,65.43,66.121429,65.237144,66.077141,60.72343100000001,68695900.0
229,2013-08-05,66.38428499999999,67.238571,66.021431,67.064285,61.630589,79713900.0
230,2013-08-06,66.860001,67.41285699999999,66.024284,66.464287,61.079197,83714400.0
231,2013-08-07,66.257141,66.714287,65.96714,66.425713,61.04376600000001,74714500.0
232,2013-08-08,66.26571700000001,66.300003,65.421425,65.858574,60.922184,63944300.0
233,2013-08-09,65.519997,65.779999,64.807144,64.921425,60.055271,66716300.0
234,2013-08-12,65.26571700000001,66.949997,65.232857,66.76571700000001,61.761326,91108500.0
235,2013-08-13,67.27714499999999,70.665718,66.864288,69.938568,64.69635799999999,220485300.0
236,2013-08-14,71.12571700000002,72.035713,70.485718,71.214287,65.876465,189093100.0
237,2013-08-15,70.91714499999998,71.771431,69.86856800000001,71.129997,65.798477,122573500.0
238,2013-08-16,71.449997,71.84857199999998,71.26571700000002,71.761429,66.382607,90576500.0
239,2013-08-19,72.048569,73.391426,72.0,72.534286,67.097527,127629600.0
240,2013-08-20,72.815712,72.938568,71.545715,71.581429,66.216072,89672100.0
241,2013-08-21,71.941429,72.449997,71.599998,71.76571700000002,66.38655899999999,83969900.0
242,2013-08-22,72.139999,72.227142,71.171425,71.851425,66.465851,61051900.0
243,2013-08-23,71.895714,71.907143,71.335716,71.574287,66.209473,55682900.0
244,2013-08-26,71.535713,72.885712,71.5,71.852859,66.467178,82741400.0
245,2013-08-27,71.14286,71.78714000000002,69.471428,69.798569,64.566856,106047200.0
246,2013-08-28,69.428574,70.828575,69.428574,70.128571,64.872116,76902000.0
247,2013-08-29,70.235718,70.928574,70.16143000000001,70.242859,64.97784399999999,59914400.0
248,2013-08-30,70.285713,70.421425,69.5,69.602859,64.385818,68074300.0
249,2013-09-03,70.442856,71.514282,69.621429,69.79714200000001,64.565536,82982200.0
250,2013-09-04,71.36571500000002,71.748573,70.897141,71.24143199999997,65.90158100000001,86258200.0
251,2013-09-05,71.464287,71.525711,70.519997,70.752853,65.44963100000001,59091900.0
252,2013-09-06,71.205711,71.339996,69.992859,71.174286,65.839439,89881400.0
253,2013-09-09,72.14286,72.559998,71.925713,72.309998,66.89003000000001,85171800.0
254,2013-09-10,72.314285,72.492859,69.928574,70.66285699999997,65.36635600000001,185798900.0
255,2013-09-11,66.715714,67.66999799999999,66.40142800000001,66.815712,61.807571,224674100.0
256,2013-09-12,66.928574,67.914284,66.572861,67.52714499999999,62.465687,101012800.0
257,2013-09-13,67.048569,67.404289,66.385712,66.414284,61.436237,74708900.0
258,2013-09-16,65.85714,65.944283,63.888573,64.302856,59.48307,135926700.0
259,2013-09-17,63.994286,65.672859,63.92856999999999,65.045715,60.17025400000001,99845200.0
260,2013-09-18,66.168571,66.621429,65.808571,66.382858,61.407166,114215500.0
261,2013-09-19,67.242859,67.975716,67.035713,67.471428,62.414135,101135300.0
262,2013-09-20,68.285713,68.364288,66.571426,66.772858,61.767937,174825700.0
263,2013-09-23,70.871429,70.987144,68.942856,70.091431,64.837769,190526700.0
264,2013-09-24,70.697144,70.781425,69.688568,69.871429,64.63426199999999,91086100.0
265,2013-09-25,69.885712,69.94856999999999,68.775711,68.790001,63.633884,79239300.0
266,2013-09-26,69.428574,69.794289,69.128571,69.459999,64.253662,59305400.0
267,2013-09-27,69.111427,69.238571,68.674286,68.964287,63.795109,57010100.0
268,2013-09-30,68.178574,68.808571,67.772858,68.10714,63.002205,65039100.0
269,2013-10-01,68.349998,69.877144,68.339996,69.708572,64.483612,88470900.0
270,2013-10-02,69.37571700000001,70.257141,69.10714,69.937141,64.69503,72296000.0
271,2013-10-03,70.072861,70.335716,68.677139,69.058571,63.88231999999999,80688300.0
272,2013-10-04,69.122856,69.228569,68.371429,69.004288,63.83211899999999,64717100.0
273,2013-10-07,69.50856800000001,70.378571,69.335716,69.678574,64.45585600000001,78073100.0
274,2013-10-08,69.99143199999999,70.091431,68.648575,68.705711,63.555908,72729300.0
275,2013-10-09,69.23428299999999,69.684288,68.325714,69.512856,64.302559,75431300.0
276,2013-10-10,70.188568,70.339996,69.577141,69.94856999999999,64.705612,69650700.0
277,2013-10-11,69.57,70.548569,69.308571,70.40142800000002,65.12451899999999,66934700.0
278,2013-10-14,69.975716,71.08285500000002,69.907143,70.862854,65.551369,65474500.0
279,2013-10-15,71.072861,71.714287,70.788574,71.239998,65.900238,80018400.0
280,2013-10-16,71.541428,71.790001,71.318573,71.58714300000003,66.221367,62775300.0
281,2013-10-17,71.425713,72.111427,71.382858,72.071426,66.669342,63398300.0
282,2013-10-18,72.284286,72.751427,72.244286,72.69856999999998,67.249496,72635500.0
283,2013-10-21,73.110001,74.900002,73.074287,74.480003,68.897377,99526700.0
284,2013-10-22,75.201431,75.492859,72.575714,74.267143,68.70049300000001,133515900.0
285,2013-10-23,74.14286,75.095711,74.14286,74.994286,69.373138,78430800.0
286,2013-10-24,75.0,76.067146,74.635712,75.987144,70.291588,96191200.0
287,2013-10-25,75.902855,76.175713,75.01571700000002,75.137146,69.50528,84448000.0
288,2013-10-28,75.577141,75.85714,74.744286,75.697144,70.0233,137610200.0
289,2013-10-29,76.610001,77.035713,73.505714,73.811432,68.278938,158951800.0
290,2013-10-30,74.230003,75.360001,73.860001,74.985718,69.365204,88540900.0
291,2013-10-31,75.0,75.355713,74.46714,74.671425,69.074471,68924100.0
292,2013-11-01,74.860001,74.971428,73.691429,74.290001,68.721642,68722500.0
293,2013-11-04,74.442856,75.260002,74.11571500000002,75.25,69.609665,61156900.0
294,2013-11-05,74.940002,75.555717,74.714287,75.064285,69.437889,66303300.0
295,2013-11-06,74.878571,74.980003,74.028572,74.41714499999998,69.24116500000001,55843900.0
296,2013-11-07,74.225716,74.74143199999997,73.197144,73.21285999999998,68.120621,65655100.0
297,2013-11-08,73.511429,74.447144,73.227142,74.36571500000002,69.193314,69829200.0
298,2013-11-11,74.284286,74.524284,73.487144,74.150002,68.992599,56863100.0
299,2013-11-12,73.95285799999998,74.845711,73.85714,74.28714000000002,69.120201,51069200.0
300,2013-11-13,74.0,74.60714,73.851425,74.37571700000002,69.20259899999999,49305200.0
301,2013-11-14,74.687141,75.611427,74.552856,75.451431,70.203514,70604800.0
302,2013-11-15,75.225716,75.584282,74.927139,74.998573,69.782166,79480100.0
303,2013-11-18,74.998573,75.312859,74.028572,74.089996,68.936768,61236000.0
304,2013-11-19,74.147141,74.76857,73.995712,74.221428,69.059044,52234700.0
305,2013-11-20,74.175713,74.345711,73.475716,73.571426,68.454254,48479200.0
306,2013-11-21,73.942856,74.458572,73.38143199999998,74.44856999999998,69.270386,65506700.0
307,2013-11-22,74.21714,74.594284,74.075714,74.257141,69.092285,55931400.0
308,2013-11-25,74.431427,75.12428299999998,74.428574,74.82,69.61599,57327900.0
309,2013-11-26,74.87428299999998,76.591431,74.85714,76.199997,70.900009,100345700.0
310,2013-11-27,76.61571500000002,78.0,76.199997,77.994286,72.56950400000002,90862100.0
311,2013-11-29,78.497147,79.761429,78.25856800000003,79.438568,73.91333,79531900.0
312,2013-12-02,79.714287,80.61856800000002,78.688568,78.747147,73.269989,118136200.0
313,2013-12-03,79.757141,80.91143000000002,79.668571,80.902855,75.275764,112742000.0
314,2013-12-04,80.785713,81.312859,80.117142,80.714287,75.100319,94452400.0
315,2013-12-05,81.807144,82.16285699999997,80.915718,81.128571,75.485786,111895000.0
316,2013-12-06,80.827141,80.964287,79.938568,80.002853,74.438362,86088100.0
317,2013-12-09,80.128571,81.36856800000002,80.128571,80.918571,75.29039,80123400.0
318,2013-12-10,80.511429,81.12571700000002,80.171425,80.792854,75.173416,69567400.0
319,2013-12-11,81.0,81.567146,79.955711,80.194283,74.616478,89929700.0
320,2013-12-12,80.305717,80.762856,80.004288,80.077141,74.50747700000002,65572500.0
321,2013-12-13,80.407143,80.41143000000002,79.095711,79.204285,73.69534300000002,83205500.0
322,2013-12-16,79.288574,80.377144,79.28714000000002,79.64286,74.103409,70648200.0
323,2013-12-17,79.40142800000002,79.91999799999998,79.054283,79.284286,73.769768,57475600.0
324,2013-12-18,78.528572,78.778572,76.971428,78.681427,73.208862,141465800.0
325,2013-12-19,78.5,78.571426,77.675713,77.779999,72.37011700000002,80077200.0
326,2013-12-20,77.918571,78.80143000000002,77.831429,78.431427,72.976242,109103400.0
327,2013-12-23,81.14286,81.531425,80.394287,81.441429,75.776878,125326600.0
328,2013-12-24,81.41285699999997,81.697144,80.861427,81.095711,75.45519300000002,41888700.0
329,2013-12-26,81.157143,81.35714,80.482857,80.557144,74.954094,51002000.0
330,2013-12-27,80.545715,80.629997,79.928574,80.012856,74.44767,56471100.0
331,2013-12-30,79.637146,80.012856,78.902855,79.21714,73.707298,63407400.0
332,2013-12-31,79.16714499999998,80.182854,79.14286,80.145714,74.571281,55771100.0
333,2014-01-02,79.382858,79.575714,78.860001,79.01857,73.52253,58671200.0
334,2014-01-03,78.980003,79.099998,77.204285,77.28286,71.907555,98116900.0
335,2014-01-06,76.778572,78.114288,76.228569,77.704285,72.299644,103152700.0
336,2014-01-07,77.760002,77.994286,76.845711,77.148575,71.782608,79302300.0
337,2014-01-08,76.97285500000002,77.937141,76.955711,77.637146,72.23719,64632400.0
338,2014-01-09,78.114288,78.122856,76.478569,76.645714,71.314728,69787200.0
339,2014-01-10,77.11856800000002,77.257141,75.872856,76.13428499999998,70.838882,76244000.0
340,2014-01-13,75.701431,77.5,75.697144,76.53286,71.209717,94623200.0
341,2014-01-14,76.888573,78.104286,76.808571,78.055717,72.62665600000003,83140400.0
342,2014-01-15,79.074287,80.028572,78.808571,79.622856,74.084801,97909700.0
343,2014-01-16,79.271431,79.550003,78.811432,79.178574,73.67139399999998,57319500.0
344,2014-01-17,78.78286,78.867142,77.128571,77.238571,71.866348,106684900.0
345,2014-01-21,77.284286,78.581429,77.20285799999998,78.438568,72.982872,82131700.0
346,2014-01-22,78.701431,79.612854,78.25856800000003,78.78714000000002,73.30720500000002,94996300.0
347,2014-01-23,78.562859,79.5,77.83000200000002,79.454285,73.927948,100809800.0
348,2014-01-24,79.14286,79.37428299999998,77.821426,78.010002,72.584122,107338700.0
349,2014-01-27,78.581429,79.257141,77.964287,78.64286,73.172943,138719700.0
350,2014-01-28,72.68,73.571426,71.724289,72.35714,67.324432,266380800.0
351,2014-01-29,71.992859,72.48143,71.23143,71.535713,66.56014300000001,125702500.0
352,2014-01-30,71.791428,72.35714,70.957146,71.397141,66.431213,169625400.0
353,2014-01-31,70.739998,71.647141,70.507141,71.514282,66.540199,116199300.0
354,2014-02-03,71.80143000000002,72.53286,71.328575,71.647141,66.663811,100366000.0
355,2014-02-04,72.264282,72.779999,71.822861,72.684288,67.62883000000001,94170300.0
356,2014-02-05,72.36571500000002,73.611427,72.321426,73.227142,68.133934,82086200.0
357,2014-02-06,72.86571500000002,73.35714,72.544289,73.215714,68.531052,64441300.0
358,2014-02-07,74.482857,74.704285,73.91143000000002,74.239998,69.489799,92570100.0
359,2014-02-10,74.094284,75.998573,74.0,75.57,70.734695,86389800.0
360,2014-02-11,75.80143000000002,76.821426,75.64286,76.565712,71.666718,70564200.0
361,2014-02-12,76.707146,77.08000200000002,76.177139,76.559998,71.661362,77025200.0
362,2014-02-13,76.379997,77.835716,76.314285,77.775711,72.79927099999998,76849500.0
363,2014-02-14,77.495712,77.997147,77.315712,77.71285999999998,72.740463,68231100.0
364,2014-02-18,78.0,78.74143199999997,77.944283,77.998573,73.00790400000002,65062900.0
365,2014-02-19,77.821426,78.127144,76.335716,76.767143,71.855263,78442000.0
366,2014-02-20,76.141426,76.714287,75.571426,75.878571,71.023521,76464500.0
367,2014-02-21,76.112854,76.367142,74.942856,75.035713,70.234596,69696200.0
368,2014-02-24,74.735718,75.70285799999998,74.63143199999998,75.364288,70.542152,72227400.0
369,2014-02-25,75.62571700000002,75.652855,74.428574,74.58000200000002,69.80806700000001,57988000.0
370,2014-02-26,74.80143000000002,75.0,73.657143,73.907143,69.178246,69054300.0
371,2014-02-27,73.877144,75.540001,73.721428,75.38143199999998,70.558205,75470500.0
372,2014-02-28,75.58285500000002,76.10714,74.58856999999998,75.177139,70.366982,92992200.0
373,2014-03-03,74.774284,75.807144,74.687141,75.394287,70.570236,59695300.0
374,2014-03-04,75.85714,76.091431,75.395714,75.891426,71.03556800000001,64785000.0
375,2014-03-05,75.845711,76.39286,75.589996,76.05143000000002,71.18534100000002,50015700.0
376,2014-03-06,76.112854,76.34857199999998,75.442856,75.821426,70.970055,46372200.0
377,2014-03-07,75.870003,75.997147,75.150002,75.77714499999998,70.928604,55182400.0
378,2014-03-10,75.480003,76.190002,75.477142,75.845711,70.992775,44646000.0
379,2014-03-11,76.492859,76.96285999999998,76.084282,76.584282,71.68408199999998,69806100.0
380,2014-03-12,76.358574,76.764282,76.0,76.658569,71.753624,49831600.0
381,2014-03-13,76.77714499999998,77.094284,75.594284,75.807144,70.956673,64435700.0
382,2014-03-14,75.541428,75.841431,74.714287,74.955711,70.159729,59299800.0
383,2014-03-17,75.385712,75.709999,75.121429,75.248573,70.433861,49886200.0
384,2014-03-18,75.128571,75.995712,75.028572,75.914284,71.056946,52411800.0
385,2014-03-19,76.03714000000002,76.605713,75.571426,75.894287,71.038239,56189000.0
386,2014-03-20,75.69856999999998,76.095711,75.335716,75.528572,70.695923,52099600.0
387,2014-03-21,75.989998,76.25,75.190002,76.12428299999998,71.253517,93511600.0
388,2014-03-24,76.91714499999998,77.214287,76.437141,77.02714499999998,72.098618,88925200.0
389,2014-03-25,77.35714,77.964287,77.084282,77.855713,72.874161,70573300.0
390,2014-03-26,78.074287,78.428574,76.980003,77.111427,72.177513,74942000.0
391,2014-03-27,77.145714,77.35714,76.445717,76.779999,71.867294,55507900.0
392,2014-03-28,76.902855,76.99143199999997,76.321426,76.694283,71.787056,50141000.0
393,2014-03-31,77.03286,77.25856800000003,76.561432,76.677139,71.770996,42167300.0
394,2014-04-01,76.822861,77.410004,76.681427,77.378571,72.427544,50190000.0
395,2014-04-02,77.482857,77.639999,77.18,77.507141,72.547905,45105200.0
396,2014-04-03,77.341431,77.5,76.805717,76.970001,72.045128,40586000.0
397,2014-04-04,77.11571500000002,77.14286,75.79714200000002,75.974289,71.113136,68812800.0
398,2014-04-07,75.431427,75.842857,74.555717,74.781425,69.996613,72462600.0
399,2014-04-08,75.02714499999998,75.160004,74.099998,74.77714499999998,69.992584,60972100.0
400,2014-04-09,74.66285699999997,75.784286,74.574287,75.760002,70.91256,51542400.0
401,2014-04-10,75.811432,76.034286,74.738571,74.78286,69.99794,59913000.0
402,2014-04-11,74.14286,74.690002,73.877144,74.230003,69.480453,67929400.0
403,2014-04-14,74.557144,74.594284,73.887146,74.525711,69.75724,51418500.0
404,2014-04-15,74.324287,74.519997,73.04714200000002,73.994286,69.259811,66622500.0
405,2014-04-16,74.007141,74.441429,73.44856999999998,74.144287,69.400215,53691400.0
406,2014-04-17,74.285713,75.394287,74.171425,74.99143199999997,70.193161,71083600.0
407,2014-04-21,75.048569,76.019997,74.851425,75.88143199999998,71.026222,45637200.0
408,2014-04-22,75.47285500000002,75.975716,75.214287,75.957146,71.097084,50640800.0
409,2014-04-23,75.58000200000002,75.87571700000002,74.921425,74.964287,70.16774699999999,98735000.0
410,2014-04-24,81.172859,81.428574,80.104286,81.110001,75.920242,189977900.0
411,2014-04-25,80.647141,81.71285999999998,80.565712,81.705711,76.477829,97568800.0
412,2014-04-28,81.828575,85.10714,81.792854,84.870003,79.439636,167371400.0
413,2014-04-29,84.82,85.139999,84.215714,84.61856800000002,79.20429200000002,84344400.0
414,2014-04-30,84.66285699999997,85.632858,84.257141,84.298569,78.90477800000002,114160200.0
415,2014-05-01,84.571426,84.971428,83.76571700000002,84.497147,79.09066,61012000.0
416,2014-05-02,84.620003,84.885712,84.244286,84.654289,79.23774,47878600.0
417,2014-05-05,84.305717,85.85714,84.285713,85.851425,80.358292,71766800.0
418,2014-05-06,85.971428,86.344284,84.915718,84.915718,79.482452,93641100.0
419,2014-05-07,85.035713,85.327141,83.961426,84.61856800000002,79.20429200000002,70716100.0
420,2014-05-08,84.035713,84.915718,83.771431,83.998573,79.063126,57574300.0
421,2014-05-09,83.505714,83.75,82.904289,83.648575,78.733696,72899400.0
422,2014-05-12,83.927139,84.808571,83.914284,84.690002,79.713921,53302200.0
423,2014-05-13,84.571426,84.934288,84.385712,84.822861,79.838974,39934300.0
424,2014-05-14,84.632858,85.342857,84.534286,84.83856999999998,79.85376,41601000.0
425,2014-05-15,84.957146,85.228569,84.005714,84.117142,79.17472099999998,57711500.0
426,2014-05-16,84.089996,85.361427,83.628571,85.358574,80.34322399999998,69064100.0
427,2014-05-19,85.407143,86.761429,85.33285500000002,86.370003,81.29521899999997,79438800.0
428,2014-05-20,86.358574,86.628571,85.818573,86.387146,81.311363,58709000.0
429,2014-05-21,86.261429,86.671425,86.00856800000003,86.61571500000002,81.526489,49214900.0
430,2014-05-22,86.657143,87.121429,86.300003,86.752853,81.655579,50190000.0
431,2014-05-23,86.75,87.818573,86.638573,87.732857,82.57800300000002,58052400.0
432,2014-05-27,87.982857,89.408569,87.947144,89.37571700000002,84.124321,87216500.0
433,2014-05-28,89.431427,89.975716,89.111427,89.144287,83.906494,78870400.0
434,2014-05-29,89.692856,90.98143,89.681427,90.76857,85.435349,94118500.0
435,2014-05-30,91.139999,92.024284,89.842857,90.428574,85.11533399999998,141005200.0
436,2014-06-02,90.565712,90.690002,88.928574,89.807144,84.530403,92337700.0
437,2014-06-03,89.779999,91.248573,89.75,91.077141,85.725792,73177300.0
438,2014-06-04,91.062859,92.555717,90.872856,92.117142,86.704674,83870500.0
439,2014-06-05,92.314285,92.767143,91.80143,92.478569,87.044861,75951400.0
440,2014-06-06,92.842857,93.03714,92.067146,92.224289,86.805527,87484600.0
441,2014-06-09,92.699997,93.879997,91.75,93.699997,88.19453399999998,75415000.0
442,2014-06-10,94.730003,95.050003,93.57,94.25,88.71219599999998,62777000.0
443,2014-06-11,94.129997,94.760002,93.470001,93.860001,88.34513100000002,45681000.0
444,2014-06-12,94.040001,94.120003,91.900002,92.290001,86.867378,54749000.0
445,2014-06-13,92.199997,92.440002,90.879997,91.279999,85.91671,54525000.0
446,2014-06-16,91.510002,92.75,91.449997,92.199997,86.782669,35561000.0
447,2014-06-17,92.309998,92.699997,91.800003,92.080002,86.669724,29726000.0
448,2014-06-18,92.269997,92.290001,91.349998,92.18,86.76384,33514000.0
449,2014-06-19,92.290001,92.300003,91.339996,91.860001,86.462639,35528000.0
450,2014-06-20,91.849998,92.550003,90.900002,90.910004,85.568466,100898000.0
451,2014-06-23,91.32,91.620003,90.599998,90.830002,85.493149,43694000.0
452,2014-06-24,90.75,91.739998,90.190002,90.279999,84.975479,39036000.0
453,2014-06-25,90.209999,90.699997,89.650002,90.360001,85.050781,36869000.0
454,2014-06-26,90.370003,91.050003,89.800003,90.900002,85.55905200000002,32629000.0
455,2014-06-27,90.82,92.0,90.769997,91.980003,86.5756,64029000.0
456,2014-06-30,92.099998,93.730003,92.089996,92.93,87.46978,49482300.0
457,2014-07-01,93.519997,94.07,93.129997,93.519997,88.025101,38223000.0
458,2014-07-02,93.870003,94.059998,93.089996,93.480003,87.987465,28465000.0
459,2014-07-03,93.669998,94.099998,93.199997,94.029999,88.505142,22891800.0
460,2014-07-07,94.139999,95.989998,94.099998,95.970001,90.331161,56468000.0
461,2014-07-08,96.269997,96.800003,93.919998,95.349998,89.74758100000003,65222000.0
462,2014-07-09,95.440002,95.949997,94.760002,95.389999,89.78523299999998,36436000.0
463,2014-07-10,93.760002,95.550003,93.519997,95.040001,89.455788,39686000.0
464,2014-07-11,95.360001,95.889999,94.860001,95.220001,89.625221,34018000.0
465,2014-07-14,95.860001,96.889999,95.650002,96.449997,90.782951,42810000.0
466,2014-07-15,96.800003,96.849998,95.029999,95.32,89.719353,45477900.0
467,2014-07-16,96.970001,97.099998,94.739998,94.779999,89.211075,53396300.0
468,2014-07-17,95.029999,95.279999,92.57,93.089996,87.620369,57298000.0
469,2014-07-18,93.620003,94.739998,93.019997,94.43,88.88164499999998,49988000.0
470,2014-07-21,94.989998,95.0,93.720001,93.940002,88.420441,39079000.0
471,2014-07-22,94.68,94.889999,94.120003,94.720001,89.15460999999998,55197000.0
472,2014-07-23,95.419998,97.879997,95.169998,97.190002,91.479477,92918000.0
473,2014-07-24,97.040001,97.32,96.419998,97.029999,91.328888,45729000.0
474,2014-07-25,96.849998,97.839996,96.639999,97.669998,91.931259,43469000.0
475,2014-07-28,97.82,99.239998,97.550003,99.019997,93.201942,55318000.0
476,2014-07-29,99.330002,99.440002,98.25,98.379997,92.599541,43143000.0
477,2014-07-30,98.440002,98.699997,97.669998,98.150002,92.383072,33010000.0
478,2014-07-31,97.160004,97.449997,95.330002,95.599998,89.982887,56843000.0
479,2014-08-01,94.900002,96.620003,94.809998,96.129997,90.481758,48511000.0
480,2014-08-04,96.370003,96.580002,95.169998,95.589996,89.973488,39958000.0
481,2014-08-05,95.360001,95.68,94.360001,95.120003,89.531097,55933000.0
482,2014-08-06,94.75,95.480003,94.709999,94.959999,89.380486,38558000.0
483,2014-08-07,94.93,95.949997,94.099998,94.480003,89.37104000000002,46711000.0
484,2014-08-08,94.260002,94.82,93.279999,94.739998,89.616989,41865000.0
485,2014-08-11,95.269997,96.080002,94.839996,95.989998,90.79937,36585000.0
486,2014-08-12,96.040001,96.879997,95.610001,95.970001,90.780479,33795000.0
487,2014-08-13,96.150002,97.239998,96.040001,97.239998,91.981789,31916000.0
488,2014-08-14,97.330002,97.57,96.800003,97.5,92.227737,28116000.0
489,2014-08-15,97.900002,98.190002,96.860001,97.980003,92.68177,48951000.0
490,2014-08-18,98.489998,99.370003,97.980003,99.160004,93.797981,47572000.0
491,2014-08-19,99.410004,100.68,99.32,100.529999,95.093887,69399000.0
492,2014-08-20,100.440002,101.089996,99.949997,100.57,95.131729,52699000.0
493,2014-08-21,100.57,100.940002,100.110001,100.580002,95.141182,33478000.0
494,2014-08-22,100.290001,101.470001,100.190002,101.32,95.841164,44184000.0
495,2014-08-25,101.790001,102.169998,101.279999,101.540001,96.049286,40270000.0
496,2014-08-26,101.419998,101.5,100.860001,100.889999,95.434425,33152000.0
497,2014-08-27,101.019997,102.57,100.699997,102.129997,96.607376,52369000.0
498,2014-08-28,101.589996,102.779999,101.559998,102.25,96.720871,68460000.0
499,2014-08-29,102.860001,102.900002,102.199997,102.5,96.957352,44595000.0
500,2014-09-02,103.059998,103.739998,102.720001,103.300003,97.714119,53564000.0
501,2014-09-03,103.099998,103.199997,98.580002,98.940002,93.589867,125421000.0
502,2014-09-04,98.849998,100.089996,97.790001,98.120003,92.814201,85718000.0
503,2014-09-05,98.800003,99.389999,98.309998,98.970001,93.61824,58457000.0
504,2014-09-08,99.300003,99.309998,98.050003,98.360001,93.041229,46356700.0
505,2014-09-09,99.080002,103.080002,96.139999,97.989998,92.691246,189846300.0
506,2014-09-10,98.010002,101.110001,97.760002,101.0,95.538475,100869600.0
507,2014-09-11,100.410004,101.440002,99.620003,101.43,95.945229,62353100.0
508,2014-09-12,101.209999,102.190002,101.080002,101.660004,96.162788,62626100.0
509,2014-09-15,102.809998,103.050003,101.440002,101.629997,96.134392,61316500.0
510,2014-09-16,99.800003,101.260002,98.889999,100.860001,95.406036,66908100.0
511,2014-09-17,101.269997,101.800003,100.589996,101.580002,96.087105,60926500.0
512,2014-09-18,101.93,102.349998,101.559998,101.790001,96.285759,37299400.0
513,2014-09-19,102.290001,102.349998,100.5,100.959999,95.500633,70902400.0
514,2014-09-22,101.800003,102.139999,100.580002,101.059998,95.59523,52788400.0
515,2014-09-23,100.599998,102.940002,100.540001,102.639999,97.089775,63402200.0
516,2014-09-24,102.160004,102.849998,101.199997,101.75,96.247917,60171800.0
517,2014-09-25,100.510002,100.709999,97.720001,97.870003,92.577736,100092000.0
518,2014-09-26,98.529999,100.75,98.400002,100.75,95.301994,62370500.0
519,2014-09-29,98.650002,100.440002,98.629997,100.110001,94.696594,49766300.0
520,2014-09-30,100.809998,101.540001,100.529999,100.75,95.301994,55264100.0
521,2014-10-01,100.589996,100.690002,98.699997,99.18,93.816879,51491300.0
522,2014-10-02,99.269997,100.220001,98.040001,99.900002,94.497955,47757800.0
523,2014-10-03,99.440002,100.209999,99.040001,99.620003,94.233101,43469600.0
524,2014-10-06,99.949997,100.650002,99.419998,99.620003,94.233101,37051200.0
525,2014-10-07,99.43,100.120003,98.730003,98.75,93.410141,42094200.0
526,2014-10-08,98.760002,101.110001,98.309998,100.800003,95.349274,57404700.0
527,2014-10-09,101.540001,102.379997,100.610001,101.019997,95.557373,77376500.0
528,2014-10-10,100.690002,102.029999,100.300003,100.730003,95.283066,66331600.0
529,2014-10-13,101.330002,101.779999,99.809998,99.809998,94.412827,53583400.0
530,2014-10-14,100.389999,100.519997,98.57,98.75,93.410141,63688600.0
531,2014-10-15,97.970001,99.150002,95.18,97.540001,92.265572,100933600.0
532,2014-10-16,95.550003,97.720001,95.410004,96.260002,91.054794,72154500.0
533,2014-10-17,97.5,99.0,96.809998,97.669998,92.388535,68179700.0
534,2014-10-20,98.32,99.959999,98.220001,99.760002,94.365532,77517300.0
535,2014-10-21,103.019997,103.019997,101.269997,102.470001,96.92897,94623900.0
536,2014-10-22,102.839996,104.110001,102.599998,102.989998,97.420868,68263100.0
537,2014-10-23,104.080002,105.050003,103.629997,104.830002,99.161377,71074700.0
538,2014-10-24,105.18,105.489998,104.529999,105.220001,99.530258,47053900.0
539,2014-10-27,104.849998,105.480003,104.699997,105.110001,99.426224,34187700.0
540,2014-10-28,105.400002,106.739998,105.349998,106.739998,100.968079,48060900.0
541,2014-10-29,106.650002,107.370003,106.360001,107.339996,101.535629,52687900.0
542,2014-10-30,106.959999,107.349998,105.900002,106.980003,101.195114,40654800.0
543,2014-10-31,108.010002,108.040001,107.209999,108.0,102.15995,44639300.0
544,2014-11-03,108.220001,110.300003,108.010002,109.400002,103.484245,52282600.0
545,2014-11-04,109.360001,109.489998,107.720001,108.599998,102.727509,41574400.0
546,2014-11-05,109.099998,109.300003,108.129997,108.860001,102.97345,37435900.0
547,2014-11-06,108.599998,108.790001,107.800003,108.699997,103.267952,34968500.0
548,2014-11-07,108.75,109.32,108.550003,109.010002,103.562462,33691500.0
549,2014-11-10,109.019997,109.330002,108.669998,108.830002,103.391457,27195500.0
550,2014-11-11,108.699997,109.75,108.400002,109.699997,104.217972,27442300.0
551,2014-11-12,109.379997,111.43,109.370003,111.25,105.690521,46942400.0
552,2014-11-13,111.800003,113.449997,111.599998,112.82,107.182076,59522900.0
553,2014-11-14,113.150002,114.190002,111.209999,114.18,108.474121,44063600.0
554,2014-11-17,114.269997,117.279999,113.300003,113.989998,108.293594,46746700.0
555,2014-11-18,113.940002,115.690002,113.889999,115.470001,109.699631,44224000.0
556,2014-11-19,115.440002,115.739998,113.800003,114.669998,108.939629,41869200.0
557,2014-11-20,114.910004,116.860001,114.849998,116.309998,110.49766499999998,43395500.0
558,2014-11-21,117.510002,117.57,116.029999,116.470001,110.649666,57179300.0
559,2014-11-24,116.849998,118.769997,116.620003,118.629997,112.701721,47450800.0
560,2014-11-25,119.07,119.75,117.449997,117.599998,111.72319,68840400.0
561,2014-11-26,117.940002,119.099998,117.830002,119.0,113.053238,40768300.0
562,2014-11-28,119.269997,119.400002,118.050003,118.93,112.986725,24814400.0
563,2014-12-01,118.809998,119.25,111.269997,115.07,109.319611,83814000.0
564,2014-12-02,113.5,115.75,112.75,114.629997,108.901619,59348900.0
565,2014-12-03,115.75,116.349998,115.110001,115.93,110.136658,43063400.0
566,2014-12-04,115.769997,117.199997,115.290001,115.489998,109.718643,42044500.0
567,2014-12-05,115.989998,116.080002,114.639999,115.0,109.253128,38318900.0
568,2014-12-08,114.099998,114.650002,111.620003,112.400002,106.783058,57664900.0
569,2014-12-09,110.190002,114.300003,109.349998,114.120003,108.417107,60208000.0
570,2014-12-10,114.410004,114.849998,111.540001,111.949997,106.355537,44565300.0
571,2014-12-11,112.260002,113.800003,111.339996,111.620003,106.042046,41401700.0
572,2014-12-12,110.459999,111.870003,109.580002,109.730003,104.24649,56028100.0
573,2014-12-15,110.699997,111.599998,106.349998,108.230003,102.821449,67218100.0
574,2014-12-16,106.370003,110.160004,106.260002,106.75,101.415398,60790700.0
575,2014-12-17,107.120003,109.839996,106.82,109.410004,103.942474,53411800.0
576,2014-12-18,111.870003,112.650002,110.660004,112.650002,107.020561,59006200.0
577,2014-12-19,112.260002,113.239998,111.660004,111.779999,106.194031,88429800.0
578,2014-12-22,112.160004,113.489998,111.970001,112.940002,107.296066,45167500.0
579,2014-12-23,113.230003,113.330002,112.459999,112.540001,106.916069,26028400.0
580,2014-12-24,112.580002,112.709999,112.010002,112.010002,106.412552,14479600.0
581,2014-12-26,112.099998,114.519997,112.010002,113.989998,108.293594,33721000.0
582,2014-12-29,113.790001,114.769997,113.699997,113.910004,108.217598,27598900.0
583,2014-12-30,113.639999,113.919998,112.110001,112.519997,106.897041,29881500.0
584,2014-12-31,112.82,113.129997,110.209999,110.379997,104.863991,41403400.0
585,2015-01-02,111.389999,111.440002,107.349998,109.330002,103.86647,53204600.0
586,2015-01-05,108.290001,108.650002,105.410004,106.25,100.940392,64285500.0
587,2015-01-06,106.540001,107.43,104.629997,106.260002,100.94989,65797100.0
588,2015-01-07,107.199997,108.199997,106.699997,107.75,102.36544,40105900.0
589,2015-01-08,109.230003,112.150002,108.699997,111.889999,106.298531,59364500.0
590,2015-01-09,112.669998,113.25,110.209999,112.010002,106.412552,53699500.0
591,2015-01-12,112.599998,112.629997,108.800003,109.25,103.790474,49650800.0
592,2015-01-13,111.43,112.800003,108.910004,110.220001,104.711998,67091900.0
593,2015-01-14,109.040001,110.489998,108.5,109.800003,104.312988,48337000.0
594,2015-01-15,110.0,110.059998,106.660004,106.82,101.481903,60014000.0
595,2015-01-16,107.029999,107.580002,105.199997,105.989998,100.693382,78513300.0
596,2015-01-20,107.839996,108.970001,106.5,108.720001,103.286957,49899900.0
597,2015-01-21,108.949997,111.059998,108.269997,109.550003,104.075485,48575900.0
598,2015-01-22,110.260002,112.470001,109.720001,112.400002,106.783058,53796400.0
599,2015-01-23,112.300003,113.75,111.529999,112.980003,107.334084,46464800.0
600,2015-01-26,113.739998,114.360001,112.800003,113.099998,107.448074,55615000.0
601,2015-01-27,112.419998,112.480003,109.029999,109.139999,103.685966,95568700.0
602,2015-01-28,117.629997,118.120003,115.309998,115.309998,109.547638,146477100.0
603,2015-01-29,116.32,119.190002,115.559998,118.900002,112.958244,84436400.0
604,2015-01-30,118.400002,120.0,116.849998,117.160004,111.305183,83745500.0
605,2015-02-02,118.050003,119.169998,116.080002,118.629997,112.701721,62739100.0
606,2015-02-03,118.5,119.089996,117.610001,118.650002,112.720718,51915700.0
607,2015-02-04,118.5,120.510002,118.309998,119.559998,113.585258,70149700.0
608,2015-02-05,120.019997,120.230003,119.25,119.940002,114.395966,42246200.0
609,2015-02-06,120.019997,120.25,118.449997,118.93,113.43264,43706600.0
610,2015-02-09,118.550003,119.839996,118.43,119.720001,114.186127,38889800.0
611,2015-02-10,120.169998,122.150002,120.160004,122.019997,116.379814,62008500.0
612,2015-02-11,122.769997,124.919998,122.5,124.879997,119.107613,73561800.0
613,2015-02-12,126.059998,127.480003,125.57,126.459999,120.614594,74474500.0
614,2015-02-13,127.279999,127.279999,125.650002,127.080002,121.205933,54272200.0
615,2015-02-17,127.489998,128.880005,126.919998,127.830002,121.921249,63152400.0
616,2015-02-18,127.629997,128.779999,127.449997,128.720001,122.770134,44891700.0
617,2015-02-19,128.479996,129.029999,128.330002,128.449997,122.512596,37362400.0
618,2015-02-20,128.619995,129.5,128.050003,129.5,123.514084,48948400.0
619,2015-02-23,130.020004,133.0,129.660004,133.0,126.85228,70974100.0
620,2015-02-24,132.940002,133.600006,131.169998,132.169998,126.060654,69228100.0
621,2015-02-25,131.559998,131.600006,128.149994,128.78999299999998,122.836899,74711700.0
622,2015-02-26,128.78999299999998,130.869995,126.610001,130.419998,124.391541,91287500.0
623,2015-02-27,130.0,130.570007,128.240005,128.46000700000002,122.522156,62014800.0
624,2015-03-02,129.25,130.279999,128.300003,129.089996,123.123016,48096700.0
625,2015-03-03,128.96000700000002,129.520004,128.089996,129.360001,123.38053899999998,37816300.0
626,2015-03-04,129.100006,129.559998,128.320007,128.53999299999998,122.598434,31666300.0
627,2015-03-05,128.580002,128.75,125.760002,126.410004,120.56691,56517100.0
628,2015-03-06,128.399994,129.369995,126.260002,126.599998,120.748108,72842100.0
629,2015-03-09,127.959999,129.570007,125.059998,127.139999,121.263153,88528500.0
630,2015-03-10,126.410004,127.220001,123.800003,124.510002,118.754723,68856600.0
631,2015-03-11,124.75,124.769997,122.110001,122.239998,116.589638,68939000.0
632,2015-03-12,122.309998,124.900002,121.629997,124.449997,118.697479,48362700.0
633,2015-03-13,124.400002,125.400002,122.580002,123.589996,117.877243,51827300.0
634,2015-03-16,123.879997,124.949997,122.870003,124.949997,119.174377,35874300.0
635,2015-03-17,125.900002,127.32,125.650002,127.040001,121.16777,51023100.0
636,2015-03-18,127.0,129.160004,126.370003,128.470001,122.531677,65270900.0
637,2015-03-19,128.75,129.25,127.400002,127.5,121.606522,45809500.0
638,2015-03-20,128.25,128.399994,125.160004,125.900002,120.080482,68695100.0
639,2015-03-23,127.120003,127.849998,126.519997,127.209999,121.329918,37709700.0
640,2015-03-24,127.230003,128.03999299999998,126.559998,126.690002,120.83396100000002,32842300.0
641,2015-03-25,126.540001,126.82,123.379997,123.379997,117.67696399999998,51655200.0
642,2015-03-26,122.760002,124.879997,122.599998,124.239998,118.497215,47572900.0
643,2015-03-27,124.57,124.699997,122.910004,123.25,117.552971,39546200.0
644,2015-03-30,124.050003,126.400002,124.0,126.370003,120.528755,47099700.0
645,2015-03-31,126.089996,126.489998,124.360001,124.43,118.678413,42090600.0
646,2015-04-01,124.82,125.120003,123.099998,124.25,118.506744,40621400.0
647,2015-04-02,125.029999,125.559998,124.190002,125.32,119.527283,32220100.0
648,2015-04-06,124.470001,127.510002,124.330002,127.349998,121.46344,37194000.0
649,2015-04-07,127.639999,128.119995,125.980003,126.010002,120.185402,35012300.0
650,2015-04-08,125.849998,126.400002,124.970001,125.599998,119.794342,37329200.0
651,2015-04-09,125.849998,126.580002,124.660004,126.559998,120.709961,32484000.0
652,2015-04-10,125.949997,127.209999,125.260002,127.099998,121.225006,40188000.0
653,2015-04-13,128.369995,128.570007,126.610001,126.849998,120.98656499999998,36365100.0
654,2015-04-14,127.0,127.290001,125.910004,126.300003,120.46199,25524600.0
655,2015-04-15,126.410004,127.129997,126.010002,126.779999,120.919792,28970400.0
656,2015-04-16,126.279999,127.099998,126.110001,126.169998,120.33799,28369000.0
657,2015-04-17,125.550003,126.139999,124.459999,124.75,118.983627,51957000.0
658,2015-04-20,125.57,128.119995,125.169998,127.599998,121.701889,47054300.0
659,2015-04-21,128.100006,128.199997,126.669998,126.910004,121.0438,32435100.0
660,2015-04-22,126.989998,128.869995,126.32,128.619995,122.674751,37654500.0
661,2015-04-23,128.300003,130.419998,128.139999,129.669998,123.676208,45770900.0
662,2015-04-24,130.490005,130.630005,129.229996,130.279999,124.257996,44525900.0
663,2015-04-27,132.309998,133.130005,131.149994,132.649994,126.518456,96954200.0
664,2015-04-28,134.46000700000002,134.53999299999998,129.570007,130.559998,124.525078,118924000.0
665,2015-04-29,130.160004,131.589996,128.300003,128.639999,122.693825,63386100.0
666,2015-04-30,128.639999,128.639999,124.580002,125.150002,119.365135,83195400.0
667,2015-05-01,126.099998,130.130005,125.300003,128.949997,122.989487,58512600.0
668,2015-05-04,129.5,130.570007,128.259995,128.699997,122.751053,50988300.0
669,2015-05-05,128.149994,128.449997,125.779999,125.800003,119.985092,49271400.0
670,2015-05-06,126.559998,126.75,123.360001,125.010002,119.231606,72141000.0
671,2015-05-07,124.769997,126.080002,124.019997,125.260002,119.969086,43940900.0
672,2015-05-08,126.68,127.620003,126.110001,127.620003,122.229424,55550400.0
673,2015-05-11,127.389999,127.559998,125.629997,126.32,120.984306,42035800.0
674,2015-05-12,125.599998,126.879997,124.82,125.870003,120.553329,48160000.0
675,2015-05-13,126.150002,127.190002,125.870003,126.010002,120.68741599999998,34694200.0
676,2015-05-14,127.410004,128.949997,127.160004,128.949997,123.503227,45203500.0
677,2015-05-15,129.070007,129.490005,128.21000700000002,128.770004,123.330833,38208000.0
678,2015-05-18,128.380005,130.720001,128.360001,130.190002,124.690865,50882900.0
679,2015-05-19,130.690002,130.880005,129.639999,130.070007,124.57591200000002,44633200.0
680,2015-05-20,130.0,130.979996,129.339996,130.059998,124.566338,36454900.0
681,2015-05-21,130.070007,131.630005,129.830002,131.389999,125.840164,39730400.0
682,2015-05-22,131.600006,132.970001,131.399994,132.53999299999998,126.941574,45596000.0
683,2015-05-26,132.600006,132.910004,129.119995,129.619995,124.14492,70697600.0
684,2015-05-27,130.339996,132.259995,130.050003,132.03999299999998,126.462708,45833200.0
685,2015-05-28,131.860001,131.949997,131.100006,131.779999,126.213676,30733300.0
686,2015-05-29,131.229996,131.449997,129.899994,130.279999,124.777046,50884500.0
687,2015-06-01,130.279999,131.389999,130.050003,130.53999299999998,125.026062,32112800.0
688,2015-06-02,129.860001,130.660004,129.320007,129.96000700000002,124.470581,33667600.0
689,2015-06-03,130.660004,130.940002,129.899994,130.119995,124.623802,30889400.0
690,2015-06-04,129.580002,130.580002,128.910004,129.360001,123.895912,38450100.0
691,2015-06-05,129.5,129.690002,128.360001,128.649994,123.215904,35626800.0
692,2015-06-08,128.899994,129.21000700000002,126.830002,127.800003,122.401802,52674800.0
693,2015-06-09,126.699997,128.080002,125.620003,127.419998,122.037849,56075400.0
694,2015-06-10,127.919998,129.339996,127.849998,128.880005,123.436188,39087300.0
695,2015-06-11,129.179993,130.179993,128.479996,128.589996,123.158417,35390900.0
696,2015-06-12,128.190002,128.330002,127.110001,127.169998,121.798416,36886200.0
697,2015-06-15,126.099998,127.239998,125.709999,126.919998,121.558975,43988900.0
698,2015-06-16,127.029999,127.849998,126.370003,127.599998,122.210251,31494100.0
699,2015-06-17,127.720001,127.879997,126.739998,127.300003,121.92292,32918100.0
700,2015-06-18,127.230003,128.309998,127.220001,127.879997,122.478409,35407200.0
701,2015-06-19,127.709999,127.82,126.400002,126.599998,121.25248700000002,54716900.0
702,2015-06-22,127.489998,128.059998,127.080002,127.610001,122.219826,34039300.0
703,2015-06-23,127.480003,127.610001,126.879997,127.029999,121.664322,30268900.0
704,2015-06-24,127.209999,129.800003,127.120003,128.110001,122.698708,55280900.0
705,2015-06-25,128.860001,129.199997,127.5,127.5,122.114471,31938100.0
706,2015-06-26,127.669998,127.989998,126.510002,126.75,121.396149,44066800.0
707,2015-06-29,125.459999,126.470001,124.480003,124.529999,119.269913,49161400.0
708,2015-06-30,125.57,126.120003,124.860001,125.43,120.131905,44370700.0
709,2015-07-01,126.900002,126.940002,125.989998,126.599998,121.25248700000002,30238800.0
710,2015-07-02,126.43,126.690002,125.769997,126.440002,121.099236,27211000.0
711,2015-07-06,124.940002,126.230003,124.849998,126.0,120.677834,28060400.0
712,2015-07-07,125.889999,126.150002,123.769997,125.690002,120.380928,46946800.0
713,2015-07-08,124.480003,124.639999,122.540001,122.57,117.392715,60761600.0
714,2015-07-09,123.849998,124.059998,119.220001,120.07,114.998314,77821600.0
715,2015-07-10,121.940002,123.849998,121.209999,123.279999,118.072723,61354500.0
716,2015-07-13,125.029999,125.760002,124.32,125.660004,120.352196,41440500.0
717,2015-07-14,126.040001,126.370003,125.040001,125.610001,120.304298,31768100.0
718,2015-07-15,125.720001,127.150002,125.580002,126.82,121.463196,33649200.0
719,2015-07-16,127.739998,128.570007,127.349998,128.509995,123.081818,36222400.0
720,2015-07-17,129.080002,129.619995,128.309998,129.619995,124.14492,46164700.0
721,2015-07-20,130.970001,132.970001,130.699997,132.070007,126.49146299999998,58900200.0
722,2015-07-21,132.850006,132.919998,130.320007,130.75,125.22718799999998,76756400.0
723,2015-07-22,121.989998,125.5,121.989998,125.220001,119.930779,115450600.0
724,2015-07-23,126.199997,127.089996,125.059998,125.160004,119.873306,50999500.0
725,2015-07-24,125.32,125.739998,123.900002,124.5,119.241196,42162300.0
726,2015-07-27,123.089996,123.610001,122.120003,122.769997,117.584259,44455500.0
727,2015-07-28,123.379997,123.910004,122.550003,123.379997,118.168503,33618100.0
728,2015-07-29,123.150002,123.5,122.269997,122.989998,117.794968,37011700.0
729,2015-07-30,122.32,122.57,121.709999,122.370003,117.201164,33628300.0
730,2015-07-31,122.599998,122.639999,120.910004,121.300003,116.176353,42885000.0
731,2015-08-03,121.5,122.57,117.519997,118.440002,113.437157,69976000.0
732,2015-08-04,117.419998,117.699997,113.25,114.639999,109.797668,124138600.0
733,2015-08-05,112.949997,117.440002,112.099998,115.400002,110.525574,99312600.0
734,2015-08-06,115.970001,116.5,114.120003,115.129997,110.76609,52903000.0
735,2015-08-07,114.580002,116.25,114.5,115.519997,111.141319,38670400.0
736,2015-08-10,116.529999,119.989998,116.529999,119.720001,115.18211399999998,54951600.0
737,2015-08-11,117.809998,118.18,113.330002,113.489998,109.188248,97082800.0
738,2015-08-12,112.529999,115.419998,109.629997,115.239998,110.871918,101217500.0
739,2015-08-13,116.040001,116.400002,114.540001,115.150002,110.785339,48535800.0
740,2015-08-14,114.32,116.309998,114.010002,115.959999,111.564629,42929500.0
741,2015-08-17,116.040001,117.650002,115.5,117.160004,112.719162,40884700.0
742,2015-08-18,116.43,117.440002,116.010002,116.5,112.084152,34560700.0
743,2015-08-19,116.099998,116.519997,114.68,115.010002,110.650642,47445700.0
744,2015-08-20,114.080002,114.349998,111.629997,112.650002,108.380096,68501600.0
745,2015-08-21,110.43,111.900002,105.650002,105.760002,101.751259,128275500.0
746,2015-08-24,94.870003,108.800003,92.0,103.120003,99.211334,162206300.0
747,2015-08-25,111.110001,111.110001,103.5,103.739998,99.807816,103601600.0
748,2015-08-26,107.089996,109.889999,105.050003,109.690002,105.532295,96774600.0
749,2015-08-27,112.230003,113.239998,110.019997,112.919998,108.639862,84616100.0
750,2015-08-28,112.169998,113.309998,111.540001,113.290001,108.995834,53164400.0
751,2015-08-31,112.029999,114.529999,112.0,112.760002,108.485931,56229300.0
752,2015-09-01,110.150002,111.879997,107.360001,107.720001,103.636963,76845900.0
753,2015-09-02,110.230003,112.339996,109.129997,112.339996,108.081833,61888800.0
754,2015-09-03,112.489998,112.779999,110.040001,110.370003,106.186516,53233900.0
755,2015-09-04,108.970001,110.449997,108.510002,109.269997,105.128212,49996300.0
756,2015-09-08,111.75,112.559998,110.32,112.309998,108.052979,54843600.0
757,2015-09-09,113.760002,114.019997,109.769997,110.150002,105.974854,85010800.0
758,2015-09-10,110.269997,113.279999,109.900002,112.57,108.303116,62892800.0
759,2015-09-11,111.790001,114.209999,111.760002,114.209999,109.880959,49915500.0
760,2015-09-14,116.580002,116.889999,114.860001,115.309998,110.939262,58363400.0
761,2015-09-15,115.93,116.529999,114.419998,116.279999,111.872498,43341200.0
762,2015-09-16,116.25,116.540001,115.440002,116.410004,111.997581,37173500.0
763,2015-09-17,115.660004,116.489998,113.720001,113.919998,109.601952,64112600.0
764,2015-09-18,112.209999,114.300003,111.870003,113.449997,109.149773,74285300.0
765,2015-09-21,113.669998,115.370003,113.660004,115.209999,110.843056,50222000.0
766,2015-09-22,113.379997,114.18,112.519997,113.400002,109.101662,50346200.0
767,2015-09-23,113.629997,114.720001,113.300003,114.32,109.986801,35756700.0
768,2015-09-24,113.25,115.5,112.370003,115.0,110.641022,50219500.0
769,2015-09-25,116.440002,116.690002,114.019997,114.709999,110.362015,56151900.0
770,2015-09-28,113.849998,114.57,112.440002,112.440002,108.178062,52109000.0
771,2015-09-29,112.830002,113.510002,107.860001,109.059998,104.926178,73365400.0
772,2015-09-30,110.169998,111.540001,108.730003,110.300003,106.119179,66473000.0
773,2015-10-01,109.07,109.620003,107.309998,109.580002,105.42646,63929100.0
774,2015-10-02,108.010002,111.010002,107.550003,110.379997,106.196136,58019800.0
775,2015-10-05,109.879997,111.370003,109.07,110.779999,106.580978,52064700.0
776,2015-10-06,110.629997,111.739998,109.769997,111.309998,107.090881,48196800.0
777,2015-10-07,111.739998,111.769997,109.410004,110.779999,106.580978,46765600.0
778,2015-10-08,110.190002,110.190002,108.209999,109.5,105.349495,61979600.0
779,2015-10-09,110.0,112.279999,109.489998,112.120003,107.870178,52766100.0
780,2015-10-12,112.730003,112.75,111.440002,111.599998,107.369888,30467200.0
781,2015-10-13,110.82,112.449997,110.68,111.790001,107.552696,33049300.0
782,2015-10-14,111.290001,111.519997,109.559998,110.209999,106.032578,44462400.0
783,2015-10-15,110.93,112.099998,110.489998,111.860001,107.620049,37673500.0
784,2015-10-16,111.779999,112.0,110.529999,111.040001,106.831116,39232600.0
785,2015-10-19,110.800003,111.75,110.110001,111.730003,107.494957,29759200.0
786,2015-10-20,111.339996,114.169998,110.82,113.769997,109.457634,48778800.0
787,2015-10-21,114.0,115.580002,113.699997,113.760002,109.448021,41795200.0
788,2015-10-22,114.330002,115.5,114.099998,115.5,111.122078,41654100.0
789,2015-10-23,116.699997,119.230003,116.330002,119.080002,114.566376,59366900.0
790,2015-10-26,118.080002,118.129997,114.919998,115.279999,110.910416,66333800.0
791,2015-10-27,115.400002,116.540001,113.989998,114.550003,110.208076,69884400.0
792,2015-10-28,116.93,119.300003,116.059998,119.269997,114.74916100000002,85551400.0
793,2015-10-29,118.699997,120.690002,118.269997,120.529999,115.961411,51227300.0
794,2015-10-30,120.989998,121.220001,119.449997,119.5,114.970459,49365300.0
795,2015-11-02,120.800003,121.360001,119.610001,121.18,116.586769,32203300.0
796,2015-11-03,120.790001,123.489998,120.699997,122.57,117.924095,45519000.0
797,2015-11-04,123.129997,123.82,121.620003,122.0,117.375694,44886100.0
798,2015-11-05,121.849998,122.690002,120.18,120.919998,116.834602,39552700.0
799,2015-11-06,121.110001,121.809998,120.620003,121.059998,116.969872,33042300.0
800,2015-11-09,120.959999,121.809998,120.050003,120.57,116.496429,33871400.0
801,2015-11-10,116.900002,118.07,116.059998,116.769997,112.824814,59127900.0
802,2015-11-11,116.370003,117.419998,115.209999,116.110001,112.187119,45218000.0
803,2015-11-12,116.260002,116.82,115.650002,115.720001,111.810295,32525600.0
804,2015-11-13,115.199997,115.57,112.269997,112.339996,108.544479,45812400.0
805,2015-11-16,111.379997,114.239998,111.0,114.18,110.322327,38106700.0
806,2015-11-17,114.919998,115.050003,113.32,113.690002,109.848885,27616900.0
807,2015-11-18,115.760002,117.489998,115.5,117.290001,113.327248,46674700.0
808,2015-11-19,117.639999,119.75,116.760002,118.779999,114.766914,43295800.0
809,2015-11-20,119.199997,119.919998,118.849998,119.300003,115.269348,34287100.0
810,2015-11-23,119.269997,119.730003,117.339996,117.75,113.771706,32482500.0
811,2015-11-24,117.330002,119.349998,117.120003,118.879997,114.863525,42803200.0
812,2015-11-25,119.209999,119.230003,117.919998,118.029999,114.042252,21388300.0
813,2015-11-27,118.290001,118.410004,117.599998,117.809998,113.829681,13046400.0
814,2015-11-30,117.989998,119.410004,117.75,118.300003,114.303123,39180300.0
815,2015-12-01,118.75,118.809998,116.860001,117.339996,113.375557,34852400.0
816,2015-12-02,117.339996,118.110001,116.080002,116.279999,112.351372,33386600.0
817,2015-12-03,116.550003,116.790001,114.220001,115.199997,111.30786100000002,41569500.0
818,2015-12-04,115.290001,119.25,115.110001,119.029999,115.008461,57777000.0
819,2015-12-07,118.980003,119.860001,117.809998,118.279999,114.283798,32084200.0
820,2015-12-08,117.519997,118.599998,116.860001,118.230003,114.235489,34309500.0
821,2015-12-09,117.639999,117.690002,115.080002,115.620003,111.713676,46361400.0
822,2015-12-10,116.040001,116.940002,115.510002,116.169998,112.245087,29104200.0
823,2015-12-11,115.190002,115.389999,112.849998,113.18,109.356125,46886200.0
824,2015-12-14,112.18,112.68,109.790001,112.480003,108.679771,64318700.0
825,2015-12-15,111.940002,112.800003,110.349998,110.489998,106.756989,53323100.0
826,2015-12-16,111.07,111.989998,108.800003,111.339996,107.57827,56238500.0
827,2015-12-17,112.019997,112.25,108.980003,108.980003,105.298019,44772800.0
828,2015-12-18,108.910004,109.519997,105.809998,106.029999,102.44767,96453300.0
829,2015-12-21,107.279999,107.370003,105.57,107.330002,103.703766,47590600.0
830,2015-12-22,107.400002,107.720001,106.449997,107.230003,103.607155,32789400.0
831,2015-12-23,107.269997,108.849998,107.199997,108.610001,104.940506,32657400.0
832,2015-12-24,109.0,109.0,107.949997,108.029999,104.380112,13570400.0
833,2015-12-28,107.589996,107.690002,106.18,106.82,103.210999,26704200.0
834,2015-12-29,106.959999,109.43,106.860001,108.739998,105.066116,30931200.0
835,2015-12-30,108.580002,108.699997,107.18,107.32,103.694107,25213800.0
836,2015-12-31,107.010002,107.029999,104.82,105.260002,101.703697,40635300.0
837,2016-01-04,102.610001,105.370003,102.0,105.349998,101.790649,67649400.0
838,2016-01-05,105.75,105.849998,102.410004,102.709999,99.239845,55791000.0
839,2016-01-06,100.559998,102.370003,99.870003,100.699997,97.29776,68457400.0
840,2016-01-07,98.68,100.129997,96.43,96.449997,93.191338,81094400.0
841,2016-01-08,98.550003,99.110001,96.760002,96.959999,93.68412,70798000.0
842,2016-01-11,98.970001,99.059998,97.339996,98.529999,95.201073,49739400.0
843,2016-01-12,100.550003,100.690002,98.839996,99.959999,96.582756,49154200.0
844,2016-01-13,100.32,101.190002,97.300003,97.389999,94.099594,62439600.0
845,2016-01-14,97.959999,100.480003,95.739998,99.519997,96.157608,63170100.0
846,2016-01-15,96.199997,97.709999,95.360001,97.129997,93.848373,79010000.0
847,2016-01-19,98.410004,98.650002,95.5,96.660004,93.394257,53087700.0
848,2016-01-20,95.099998,98.190002,93.419998,96.790001,93.519867,72334400.0
849,2016-01-21,97.059998,97.879997,94.940002,96.300003,93.046417,52161500.0
850,2016-01-22,98.629997,101.459999,98.370003,101.419998,97.993423,65800500.0
851,2016-01-25,101.519997,101.529999,99.209999,99.440002,96.080322,51794500.0
852,2016-01-26,99.93,100.879997,98.07,99.989998,96.61174,75077000.0
853,2016-01-27,96.040001,96.629997,93.339996,93.419998,90.263725,133369700.0
854,2016-01-28,93.790001,94.519997,92.389999,94.089996,90.911087,55678800.0
855,2016-01-29,94.790001,97.339996,94.349998,97.339996,94.05127,64416500.0
856,2016-02-01,96.470001,96.709999,95.400002,96.43,93.172028,40943500.0
857,2016-02-02,95.419998,96.040001,94.279999,94.480003,91.28791,37357200.0
858,2016-02-03,95.0,96.839996,94.080002,96.349998,93.094734,45964300.0
859,2016-02-04,95.860001,97.330002,95.190002,96.599998,93.842743,46471700.0
860,2016-02-05,96.519997,96.919998,93.690002,94.019997,91.336388,46418100.0
861,2016-02-08,93.129997,95.699997,93.040001,95.010002,92.298134,54021400.0
862,2016-02-09,94.290001,95.940002,93.93,94.989998,92.278694,44331200.0
863,2016-02-10,95.919998,96.349998,94.099998,94.269997,91.579254,42343600.0
864,2016-02-11,93.790001,94.720001,92.589996,93.699997,91.025528,50074700.0
865,2016-02-12,94.190002,94.5,93.010002,93.989998,91.307251,40351400.0
866,2016-02-16,95.019997,96.849998,94.610001,96.639999,93.881607,49057900.0
867,2016-02-17,96.669998,98.209999,96.150002,98.120003,95.319359,44863200.0
868,2016-02-18,98.839996,98.889999,96.089996,96.260002,93.512459,39021000.0
869,2016-02-19,96.0,96.760002,95.800003,96.040001,93.298737,35374200.0
870,2016-02-22,96.309998,96.900002,95.919998,96.879997,94.114754,34280800.0
871,2016-02-23,96.400002,96.5,94.550003,94.690002,91.987267,31942600.0
872,2016-02-24,93.980003,96.379997,93.32,96.099998,93.357018,36255700.0
873,2016-02-25,96.050003,96.760002,95.25,96.760002,93.998184,27582700.0
874,2016-02-26,97.199997,98.019997,96.580002,96.910004,94.143906,28991100.0
875,2016-02-29,96.860001,98.230003,96.650002,96.690002,93.930183,35216300.0
876,2016-03-01,97.650002,100.769997,97.419998,100.529999,97.660561,50407100.0
877,2016-03-02,100.510002,100.889999,99.639999,100.75,97.874298,33169600.0
878,2016-03-03,100.580002,101.709999,100.449997,101.5,98.602882,36955700.0
879,2016-03-04,102.370003,103.75,101.370003,103.010002,100.069786,46055100.0
880,2016-03-07,102.389999,102.830002,100.959999,101.870003,98.962318,35828900.0
881,2016-03-08,100.779999,101.760002,100.400002,101.029999,98.146294,31561900.0
882,2016-03-09,101.309998,101.580002,100.269997,101.120003,98.233734,27201700.0
883,2016-03-10,101.410004,102.239998,100.150002,101.169998,98.282295,33513600.0
884,2016-03-11,102.239998,102.279999,101.5,102.260002,99.341187,27408200.0
885,2016-03-14,101.910004,102.910004,101.779999,102.519997,99.593773,25076100.0
886,2016-03-15,103.959999,105.18,103.849998,104.580002,101.594978,40067700.0
887,2016-03-16,104.610001,106.309998,104.589996,105.970001,102.945305,38303500.0
888,2016-03-17,105.519997,106.470001,104.959999,105.800003,102.780144,34420700.0
889,2016-03-18,106.339996,106.5,105.190002,105.919998,102.896729,44205200.0
890,2016-03-21,105.93,107.650002,105.139999,105.910004,102.887009,35502700.0
891,2016-03-22,105.25,107.290001,105.209999,106.720001,103.673882,32444400.0
892,2016-03-23,106.480003,107.07,105.900002,106.129997,103.100731,25703500.0
893,2016-03-24,105.470001,106.25,104.889999,105.669998,102.653854,26133000.0
894,2016-03-28,106.0,106.190002,105.059998,105.190002,102.187561,19411400.0
895,2016-03-29,104.889999,107.790001,104.879997,107.68,104.606491,31190100.0
896,2016-03-30,108.650002,110.419998,108.599998,109.559998,106.432831,45601100.0
897,2016-03-31,109.720001,109.900002,108.879997,108.989998,105.879097,25888400.0
898,2016-04-01,108.779999,110.0,108.199997,109.989998,106.850548,25874000.0
899,2016-04-04,110.419998,112.190002,110.269997,111.120003,107.948303,37356200.0
900,2016-04-05,109.510002,110.730003,109.419998,109.809998,106.675682,26578700.0
901,2016-04-06,110.230003,110.980003,109.199997,110.959999,107.79287,26404100.0
902,2016-04-07,109.949997,110.419998,108.120003,108.540001,105.441956,31801900.0
903,2016-04-08,108.910004,109.769997,108.169998,108.660004,105.558517,23581700.0
904,2016-04-11,108.970001,110.610001,108.830002,109.019997,105.908234,29407500.0
905,2016-04-12,109.339996,110.5,108.660004,110.440002,107.287712,27232300.0
906,2016-04-13,110.800003,112.339996,110.800003,112.040001,108.842041,33257300.0
907,2016-04-14,111.620003,112.389999,111.330002,112.099998,108.900322,25473900.0
908,2016-04-15,112.110001,112.300003,109.730003,109.849998,106.714546,46939000.0
909,2016-04-18,108.889999,108.949997,106.940002,107.480003,104.412193,60834000.0
910,2016-04-19,107.879997,108.0,106.230003,106.910004,103.858475,32384900.0
911,2016-04-20,106.639999,108.089996,106.059998,107.129997,104.072182,30611000.0
912,2016-04-21,106.93,106.93,105.519997,105.970001,102.945305,31552500.0
913,2016-04-22,105.010002,106.480003,104.620003,105.68,102.663574,33683100.0
914,2016-04-25,105.0,105.650002,104.510002,105.080002,102.080704,28031600.0
915,2016-04-26,103.910004,105.300003,103.910004,104.349998,101.371529,56016200.0
916,2016-04-27,96.0,98.709999,95.68,97.82,95.027931,114602100.0
917,2016-04-28,97.610001,97.879997,94.25,94.830002,92.123268,82242700.0
918,2016-04-29,93.989998,94.720001,92.510002,93.739998,91.064392,68531500.0
919,2016-05-02,93.970001,94.080002,92.400002,93.639999,90.967239,48160100.0
920,2016-05-03,94.199997,95.739998,93.68,95.18,92.46328,56831300.0
921,2016-05-04,95.199997,95.900002,93.82,94.190002,91.501541,41025500.0
922,2016-05-05,94.0,94.07,92.68,93.239998,91.130135,35890500.0
923,2016-05-06,93.370003,93.449997,91.849998,92.720001,90.621895,43458200.0
924,2016-05-09,93.0,93.769997,92.589996,92.790001,90.690315,32936400.0
925,2016-05-10,93.330002,93.57,92.110001,93.419998,91.306053,33686800.0
926,2016-05-11,93.480003,93.57,92.459999,92.510002,90.416656,28719100.0
927,2016-05-12,92.720001,92.779999,89.470001,90.339996,88.295753,76314700.0
928,2016-05-13,90.0,91.669998,90.0,90.519997,88.47168,44392800.0
929,2016-05-16,92.389999,94.389999,91.650002,93.879997,91.755653,61259800.0
930,2016-05-17,94.550003,94.699997,93.010002,93.489998,91.374474,46916900.0
931,2016-05-18,94.160004,95.209999,93.889999,94.559998,92.420265,42062400.0
932,2016-05-19,94.639999,94.639999,93.57,94.199997,92.068405,30442100.0
933,2016-05-20,94.639999,95.43,94.519997,95.220001,93.065338,32026000.0
934,2016-05-23,95.870003,97.190002,95.669998,96.43,94.24794,38018600.0
935,2016-05-24,97.220001,98.089996,96.839996,97.900002,95.684692,35140200.0
936,2016-05-25,98.669998,99.739998,98.110001,99.620003,97.365761,38168800.0
937,2016-05-26,99.68,100.730003,98.639999,100.410004,98.137901,56331200.0
938,2016-05-27,99.440002,100.470001,99.25,100.349998,98.079239,36229500.0
939,2016-05-31,99.599998,100.400002,98.82,99.860001,97.600334,42307200.0
940,2016-06-01,99.019997,99.540001,98.330002,98.459999,96.232025,29173300.0
941,2016-06-02,97.599998,97.839996,96.629997,97.720001,95.508759,40191600.0
942,2016-06-03,97.790001,98.269997,97.449997,97.919998,95.704224,28062900.0
943,2016-06-06,97.989998,101.889999,97.550003,98.629997,96.398163,23292500.0
944,2016-06-07,99.25,99.870003,98.959999,99.029999,96.789108,22409500.0
945,2016-06-08,99.019997,99.559998,98.68,98.940002,96.701157,20848100.0
946,2016-06-09,98.5,99.989998,98.459999,99.650002,97.395081,26601400.0
947,2016-06-10,98.529999,99.349998,98.480003,98.830002,96.593636,31712900.0
948,2016-06-13,98.690002,99.120003,97.099998,97.339996,95.137352,38020500.0
949,2016-06-14,97.32,98.480003,96.75,97.459999,95.254646,31931900.0
950,2016-06-15,97.82,98.410004,97.029999,97.139999,94.941887,29445200.0
951,2016-06-16,96.449997,97.75,96.07,97.550003,95.342613,31326800.0
952,2016-06-17,96.620003,96.650002,95.300003,95.330002,93.172836,61008200.0
953,2016-06-20,96.0,96.57,95.029999,95.099998,92.948044,34411900.0
954,2016-06-21,94.940002,96.349998,94.68,95.910004,93.739723,35546400.0
955,2016-06-22,96.25,96.889999,95.349998,95.550003,93.387871,29219100.0
956,2016-06-23,95.940002,96.290001,95.25,96.099998,93.925415,32240200.0
957,2016-06-24,92.910004,94.660004,92.650002,93.400002,91.286514,75311400.0
958,2016-06-27,93.0,93.050003,91.5,92.040001,89.957291,45489600.0
959,2016-06-28,92.900002,93.660004,92.139999,93.589996,91.472214,40444900.0
960,2016-06-29,93.970001,94.550003,93.629997,94.400002,92.263885,36531000.0
961,2016-06-30,94.440002,95.769997,94.300003,95.599998,93.436729,35836400.0
962,2016-07-01,95.489998,96.470001,95.330002,95.889999,93.720169,26026500.0
963,2016-07-05,95.389999,95.400002,94.459999,94.989998,92.840523,27705200.0
964,2016-07-06,94.599998,95.660004,94.370003,95.529999,93.368317,30949100.0
965,2016-07-07,95.699997,96.5,95.620003,95.940002,93.769043,25139600.0
966,2016-07-08,96.489998,96.889999,96.050003,96.68,94.492294,28912100.0
967,2016-07-11,96.75,97.650002,96.730003,96.980003,94.7855,23794900.0
968,2016-07-12,97.169998,97.699997,97.120003,97.419998,95.215546,24167500.0
969,2016-07-13,97.410004,97.669998,96.839996,96.870003,94.678001,25892200.0
970,2016-07-14,97.389999,98.989998,97.32,98.790001,96.554558,38919000.0
971,2016-07-15,98.919998,99.300003,98.5,98.779999,96.544777,30137000.0
972,2016-07-18,98.699997,100.129997,98.599998,99.830002,97.571014,36493900.0
973,2016-07-19,99.559998,100.0,99.339996,99.870003,97.610107,23779900.0
974,2016-07-20,100.0,100.459999,99.739998,99.959999,97.698074,26276000.0
975,2016-07-21,99.830002,101.0,99.129997,99.43,97.180069,32702000.0
976,2016-07-22,99.260002,99.300003,98.309998,98.660004,96.42749,28313700.0
977,2016-07-25,98.25,98.839996,96.919998,97.339996,95.137352,40382900.0
978,2016-07-26,96.82,97.970001,96.419998,96.669998,94.482521,56239800.0
979,2016-07-27,104.269997,104.349998,102.75,102.949997,100.620415,92344800.0
980,2016-07-28,102.830002,104.449997,102.82,104.339996,101.978951,39869800.0
981,2016-07-29,104.190002,104.550003,103.68,104.209999,101.851898,27733700.0
982,2016-08-01,104.410004,106.150002,104.410004,106.050003,103.650261,38167900.0
983,2016-08-02,106.050003,106.07,104.0,104.480003,102.115791,33816600.0
984,2016-08-03,104.809998,105.839996,104.769997,105.790001,103.396149,30202600.0
985,2016-08-04,105.580002,106.0,105.279999,105.870003,104.034889,27408700.0
986,2016-08-05,106.269997,107.650002,106.18,107.480003,105.616966,40553400.0
987,2016-08-08,107.519997,108.370003,107.160004,108.370003,106.491547,28037200.0
988,2016-08-09,108.230003,108.940002,108.010002,108.809998,106.92392,26315200.0
989,2016-08-10,108.709999,108.900002,107.760002,108.0,106.12796000000002,24008500.0
990,2016-08-11,108.519997,108.93,107.849998,107.93,106.059174,27484500.0
991,2016-08-12,107.779999,108.440002,107.779999,108.18,106.30483999999998,18660400.0
992,2016-08-15,108.139999,109.540001,108.080002,109.480003,107.582306,25868200.0
993,2016-08-16,109.629997,110.230003,109.209999,109.379997,107.484032,33794400.0
994,2016-08-17,109.099998,109.370003,108.339996,109.220001,107.32682,25356000.0
995,2016-08-18,109.230003,109.599998,109.019997,109.080002,107.189247,21984700.0
996,2016-08-19,108.769997,109.690002,108.360001,109.360001,107.464386,25368100.0
997,2016-08-22,108.860001,109.099998,107.849998,108.510002,106.62912,25820200.0
998,2016-08-23,108.589996,109.32,108.529999,108.849998,106.963219,21257700.0
999,2016-08-24,108.57,108.75,107.68,108.029999,106.15744,23675100.0
1000,2016-08-25,107.389999,107.879997,106.68,107.57,105.705414,25086200.0
1001,2016-08-26,107.410004,107.949997,106.309998,106.940002,105.086334,27766300.0
1002,2016-08-29,106.620003,107.440002,106.290001,106.82,104.968414,24970300.0
1003,2016-08-30,105.800003,106.5,105.5,106.0,104.162621,24863900.0
1004,2016-08-31,105.660004,106.57,105.639999,106.099998,104.260887,29662400.0
1005,2016-09-01,106.139999,106.800003,105.620003,106.730003,104.879982,26701500.0
1006,2016-09-02,107.699997,108.0,106.82,107.730003,105.862648,26802500.0
1007,2016-09-06,107.900002,108.300003,107.510002,107.699997,105.833153,26880400.0
1008,2016-09-07,107.830002,108.760002,107.07,108.360001,106.48172,42364300.0
1009,2016-09-08,107.25,107.269997,105.239998,105.519997,103.690956,53002000.0
1010,2016-09-09,104.639999,105.720001,103.129997,103.129997,101.342369,46557000.0
1011,2016-09-12,102.650002,105.720001,102.529999,105.440002,103.612335,45292800.0
1012,2016-09-13,107.510002,108.790001,107.239998,107.949997,106.078827,62176200.0
1013,2016-09-14,108.730003,113.029999,108.599998,111.769997,109.832603,110888700.0
1014,2016-09-15,113.860001,115.730003,113.489998,115.57,113.566742,89983600.0
1015,2016-09-16,115.120003,116.129997,114.040001,114.919998,112.928009,79886900.0
1016,2016-09-19,115.190002,116.18,113.25,113.580002,111.61123700000002,47023000.0
1017,2016-09-20,113.050003,114.120003,112.510002,113.57,111.60141000000002,34514300.0
1018,2016-09-21,113.849998,113.989998,112.440002,113.550003,111.581757,36003200.0
1019,2016-09-22,114.349998,114.940002,114.0,114.620003,112.633217,31074000.0
1020,2016-09-23,114.419998,114.790001,111.550003,112.709999,110.756317,52481200.0
1021,2016-09-26,111.639999,113.389999,111.550003,112.879997,110.923363,29869400.0
1022,2016-09-27,113.0,113.18,112.339996,113.089996,111.129723,24607400.0
1023,2016-09-28,113.690002,114.639999,113.43,113.949997,111.974823,29641100.0
1024,2016-09-29,113.160004,113.800003,111.800003,112.18,110.235504,35887000.0
1025,2016-09-30,112.459999,113.370003,111.800003,113.050003,111.090431,36379100.0
1026,2016-10-03,112.709999,113.050003,112.279999,112.519997,110.569603,21701800.0
1027,2016-10-04,113.059998,114.309998,112.629997,113.0,111.04129,29736800.0
1028,2016-10-05,113.400002,113.660004,112.690002,113.050003,111.090431,21453100.0
1029,2016-10-06,113.699997,114.339996,113.129997,113.889999,111.915863,28779300.0
1030,2016-10-07,114.309998,114.559998,113.510002,114.059998,112.082916,24358400.0
1031,2016-10-10,115.019997,116.75,114.720001,116.050003,114.038429,36236000.0
1032,2016-10-11,117.699997,118.690002,116.199997,116.300003,114.28408799999998,64041000.0
1033,2016-10-12,117.349998,117.980003,116.75,117.339996,115.306061,37586800.0
1034,2016-10-13,116.790001,117.440002,115.720001,116.980003,114.952301,35192400.0
1035,2016-10-14,117.879997,118.169998,117.129997,117.629997,115.591034,35652200.0
1036,2016-10-17,117.330002,117.839996,116.779999,117.550003,115.512428,23624900.0
1037,2016-10-18,118.18,118.209999,117.449997,117.470001,115.433815,24553500.0
1038,2016-10-19,117.25,117.760002,113.800003,117.120003,115.089874,20034600.0
1039,2016-10-20,116.860001,117.379997,116.330002,117.059998,115.030914,24125800.0
1040,2016-10-21,116.809998,116.910004,116.279999,116.599998,114.57888,23192700.0
1041,2016-10-24,117.099998,117.739998,117.0,117.650002,115.61068,23538700.0
1042,2016-10-25,117.949997,118.360001,117.309998,118.25,116.200294,48129000.0
1043,2016-10-26,114.309998,115.699997,113.309998,115.589996,113.586395,66134200.0
1044,2016-10-27,115.389999,115.860001,114.099998,114.480003,112.495644,34562000.0
1045,2016-10-28,113.870003,115.209999,113.449997,113.720001,111.748817,37861700.0
1046,2016-10-31,113.650002,114.230003,113.199997,113.540001,111.57193,26419400.0
1047,2016-11-01,113.459999,113.769997,110.529999,111.489998,109.557465,43825800.0
1048,2016-11-02,111.400002,112.349998,111.230003,111.589996,109.655731,28331700.0
1049,2016-11-03,110.980003,111.459999,109.550003,109.830002,108.480354,26932600.0
1050,2016-11-04,108.529999,110.25,108.110001,108.839996,107.502518,30837000.0
1051,2016-11-07,110.080002,110.510002,109.459999,110.410004,109.053238,32560000.0
1052,2016-11-08,110.309998,111.720001,109.699997,111.059998,109.695236,24054500.0
1053,2016-11-09,109.879997,111.32,108.050003,110.879997,109.517456,59176400.0
1054,2016-11-10,111.089996,111.089996,105.830002,107.790001,106.465424,57134500.0
1055,2016-11-11,107.120003,108.870003,106.550003,108.43,107.097557,34094100.0
1056,2016-11-14,107.709999,107.809998,104.080002,105.709999,104.41098,51175500.0
1057,2016-11-15,106.57,107.68,106.160004,107.110001,105.793777,32264500.0
1058,2016-11-16,106.699997,110.230003,106.599998,109.989998,108.638382,58840500.0
1059,2016-11-17,109.809998,110.349998,108.830002,109.949997,108.598877,27632000.0
1060,2016-11-18,109.720001,110.540001,109.660004,110.059998,108.707527,28428900.0
1061,2016-11-21,110.120003,111.989998,110.010002,111.730003,110.35701,29264600.0
1062,2016-11-22,111.949997,112.419998,111.400002,111.800003,110.426147,25965500.0
1063,2016-11-23,111.360001,111.510002,110.330002,111.230003,109.863159,27426400.0
1064,2016-11-25,111.129997,111.870003,110.949997,111.790001,110.416275,11475900.0
1065,2016-11-28,111.43,112.470001,111.389999,111.57,110.198975,27194000.0
1066,2016-11-29,110.779999,112.029999,110.07,111.459999,110.090332,28528800.0
1067,2016-11-30,111.599998,112.199997,110.269997,110.519997,109.16188,36162300.0
1068,2016-12-01,110.370003,110.940002,109.029999,109.489998,108.144531,37086900.0
1069,2016-12-02,109.169998,110.089996,108.849998,109.900002,108.5495,26528000.0
1070,2016-12-05,110.0,110.029999,108.25,109.110001,107.769203,34324500.0
1071,2016-12-06,109.5,110.360001,109.190002,109.949997,108.598877,26195500.0
1072,2016-12-07,109.260002,111.190002,109.160004,111.029999,109.665604,29998700.0
1073,2016-12-08,110.860001,112.43,110.599998,112.120003,110.742218,27068300.0
1074,2016-12-09,112.309998,114.699997,112.309998,113.949997,112.549728,34402600.0
1075,2016-12-12,113.290001,115.0,112.489998,113.300003,111.907722,26374400.0
1076,2016-12-13,113.839996,115.919998,113.75,115.190002,113.77449,43733800.0
1077,2016-12-14,115.040001,116.199997,114.980003,115.190002,113.77449,34031800.0
1078,2016-12-15,115.379997,116.730003,115.230003,115.82,114.396751,46524500.0
1079,2016-12-16,116.470001,116.5,115.650002,115.970001,114.544907,44351100.0
1080,2016-12-19,115.800003,117.379997,115.75,116.639999,115.206673,27779400.0
1081,2016-12-20,116.739998,117.5,116.68,116.949997,115.512863,21425000.0
1082,2016-12-21,116.800003,117.400002,116.779999,117.059998,115.621513,23783200.0
1083,2016-12-22,116.349998,116.510002,115.639999,116.290001,114.860977,26085900.0
1084,2016-12-23,115.589996,116.519997,115.589996,116.519997,115.088142,14181200.0
1085,2016-12-27,116.519997,117.800003,116.489998,117.260002,115.819054,18296900.0
1086,2016-12-28,117.519997,118.019997,116.199997,116.760002,115.325203,20905900.0
1087,2016-12-29,116.449997,117.110001,116.400002,116.730003,115.29557,15039500.0
1088,2016-12-30,116.650002,117.199997,115.43,115.82,114.396751,30586300.0
1089,2017-01-03,115.800003,116.330002,114.760002,116.150002,114.722694,28781900.0
1090,2017-01-04,115.849998,116.510002,115.75,116.019997,114.594292,21118100.0
1091,2017-01-05,115.919998,116.860001,115.809998,116.610001,115.17704,22193600.0
1092,2017-01-06,116.779999,118.160004,116.470001,117.910004,116.461075,31751900.0
1093,2017-01-09,117.949997,119.43,117.940002,118.989998,117.527794,33561900.0
1094,2017-01-10,118.769997,119.379997,118.300003,119.110001,117.646317,24462100.0
1095,2017-01-11,118.739998,119.93,118.599998,119.75,118.278458,27588600.0
1096,2017-01-12,118.900002,119.300003,118.209999,119.25,117.784599,27086200.0
1097,2017-01-13,119.110001,119.620003,118.809998,119.040001,117.577179,26111900.0
1098,2017-01-17,118.339996,120.239998,118.220001,120.0,118.525383,34439800.0
1099,2017-01-18,120.0,120.5,119.709999,119.989998,118.515503,23713000.0
